event_name,calendar_title,catalog_name,start_date,end_date,url,results_year,results_month,edition_ym_candidates,date_precision,date_source,flags,source_fingerprint
Floorplay Swing Vacation,Floorplay Swing Vacation,Floorplay Swing Vacation,2024-12-27,2025-01-01,http://www.floorplayswingvacation.com,2025,1,2025-01|2024-12,day,wsdc_calendar,,d7ea6e5b66ee808f80f69ad7
Spotlight New Year's Celebration,Spotlight New Year's Celebration,Spotlight New Year's Celebration,2024-12-28,2025-01-01,http://www.spotlightnewyears.com,2025,1,2025-01|2024-12,day,wsdc_calendar,,37f0d3b6a65bdd5caba1fad9
SwingVester,SwingVester,SwingVester,2024-12-28,2025-01-02,http://www.swingvester.com,2025,1,2025-01|2024-12,day,wsdc_calendar,,694db6b691e4ee896107e301
Westie Gala,Westie Gala,Westie Gala,2024-12-28,2025-01-01,http://www.westiegala.com,2025,1,2025-01|2024-12,day,wsdc_calendar,,b4b6897b74fdabe19506df35
UCWDC Country Dance World Championship,UCWDC Country Dance World Championship,UCWDC Country Dance World Championship,2024-12-29,2025-01-05,https://ucwdc.org/worlds-home/,2025,1,2025-01|2024-12,day,wsdc_calendar,,8e85269b2d7a9013c8e0fff1
Countdown Swing Boston,Countdown Swing Boston,Countdown Swing Boston,2024-12-31,2025-01-05,http://Countdownswingboston.com,2025,1,2025-01|2024-12,day,wsdc_calendar,,a0afcd4cdb07272f2fbe5ed1
SwingCouver,SwingCouver,SwingCouver,2025-01-02,2025-01-05,http://www.swingcouver.com,2025,1,2025-01,day,wsdc_calendar,,233a9e489d566a80f6a2a4d9
BudaFest Open WCS Championships,BudaFest Open WCS Championships,BudaFest Open WCS Championships,2025-01-07,2025-01-12,http://wcs-budafest.com,2025,1,2025-01,day,wsdc_calendar,,2fca96d85474804e449d0ce6
Monterey Swing Fest,Monterey Swing Fest,Monterey SwingFest,2025-01-14,2025-01-19,http://Montereyswing.com,2025,1,2025-01,day,wsdc_calendar,,8f128ea2e7d263365f181c04
Austin Swing Dance Championships,Austin Swing Dance Championships,Austin Swing Dance Championships,2025-01-16,2025-01-19,https://austinswingdance.com,2025,1,2025-01,day,wsdc_calendar,,12925c154ab0fd4232e13ec0
Avignon City Swing,Avignon City Swing,Avignon City Swing,2025-01-17,2025-01-20,http://Www.avignoncityswing.com,2025,1,2025-01,day,wsdc_calendar,,e9b1efb503395b4dd16c9669
The Australian Classic West Coast Swing Dance Championships,The Australian Classic West Coast Swing Dance Championships (Trial Event),The Australian Classic West Coast Swing Dance Championships,2025-01-17,2025-01-19,http://www.dancewcsa.com.au,2025,1,2025-01,day,wsdc_calendar,trial,fd99c068d26c052b76f541ea
Derby City Swing,Derby City Swing,Derby City Swing,2025-01-23,2025-01-26,https://derbycityswing.com/,2025,1,2025-01,day,wsdc_calendar,,55fdfa1f8f24cfa29302a733
Swing Resolution,Swing Resolution,Swing Resolution,2025-01-23,2025-01-26,http://www.swingresolution.com,2025,1,2025-01,day,wsdc_calendar,,670ab174144c7ab4ba04159e
Freedom Swing Dance Challenge,Freedom Swing Dance Challenge,Freedom Swing Dance Challenge,2025-01-24,2025-01-26,https://freedomswingdance.com/,2025,1,2025-01,day,wsdc_calendar,,956f81b06d8189a3654712bc
Swing & Snow,Swing & Snow,Swing & Snow,2025-01-29,2025-02-02,http://swingandsnow.ru,2025,2,2025-02|2025-01,day,wsdc_calendar,,52dfefeecc25eecf12cc1237
Charlotte WestieFest,Charlotte WestieFest,Charlotte WestieFest,2025-01-30,2025-02-03,https://www.charlottewestiefest.com/,2025,2,2025-02|2025-01,day,wsdc_calendar,,400ce11e79f2e56cfc7b0fc0
Paris Swing Classic,Paris Swing Classic,Paris Westie Fest,2025-01-30,2025-02-02,https://www.parisswingclassic.com/,2025,2,2025-02|2025-01,day,wsdc_calendar,,ef5d2d70e484e1d42ba812de
Swingtzerland,Swingtzerland,Swingtzerland,2025-02-06,2025-02-09,https://swingtzerland.com/,2025,2,2025-02,day,wsdc_calendar,,c1e57ec15560a1650963acba
Trinity Swing,Trinity Swing,Trinity Swing,2025-02-07,2025-02-09,https://trinityswing.com/,2025,2,2025-02,day,wsdc_calendar,,dcf79046fc2fec5fc917a1b2
WesterOz Swing,WesterOz Swing,WesterOz Swing,2025-02-07,2025-02-09,https://www.magneticdance.com.au/westeroz,2025,2,2025-02,day,wsdc_calendar,,9c065915c7f650a487617f8d
Capital Swing Dance Convention,Capital Swing Dance Convention,Capital Swing Dance Convention,2025-02-13,2025-02-16,http://www.CapitalSwingConvention.com,2025,2,2025-02,day,wsdc_calendar,,71beec665732608027fdbcc5
Valentine Swing,Valentine Swing,Valentine Swing,2025-02-14,2025-02-16,http://www.valentineswing.dance,2025,2,2025-02,day,wsdc_calendar,,257a00691ec8542eb9c7057d
Arousa Westie Fest,Arousa Westie Fest,Arousa Westie Fest,2025-02-20,2025-02-23,http://arousawestiefest.com,2025,2,2025-02,day,wsdc_calendar,,8d5e2e4c607fbad708180edd
Rose City Swing,Rose City Swing,Rose City Swing,2025-02-20,2025-02-23,https://rosecityswing.com,2025,2,2025-02,day,wsdc_calendar,,8261759c696723754c16ec14
Swing Crush,Swing Crush,Swing Crush,2025-02-20,2025-02-23,https://swingcrush.com,2025,2,2025-02,day,wsdc_calendar,,eabca3d85130f79d43b78e9e
Winter Coast Swing,Winter Coast Swing,Winter Coast Swing,2025-02-20,2025-02-23,https://www.wintercoastswing.com,2025,2,2025-02,day,wsdc_calendar,,dcdf39eb2b3472228cab9405
Madjam Mid-Atlantic Dance Jam,Madjam Mid-Atlantic Dance Jam (On Hiatus),Mid-Atlantic Dance Jam,2025-02-27,2025-03-03,http://www.atlanticdancejam.com,2025,3,2025-03|2025-02,day,wsdc_calendar,hiatus,b1b464fe68956c7d4120c8a0
Euro Dance Festival,Euro Dance Festival,Euro Dance Festival,2025-03-04,2025-03-09,https://www.euro-dance-festival.com/rust/,2025,3,2025-03,day,wsdc_calendar,,76444a9061772d548b369345
High Desert Dance Classic,High Desert Dance Classic,High Desert Dance Classic,2025-03-07,2025-03-09,http://www.highdesertdanceclassic.com,2025,3,2025-03,day,wsdc_calendar,,26d1d370437afe6c8d8481fc
Swingvasion,Swingvasion,Swingvasion,2025-03-07,2025-03-09,https://swingcentral.nz/swingvasion,2025,3,2025-03,day,wsdc_calendar,,ea1b4f62f23c676fb227799c
All Star SwingJam,All Star SwingJam (Hiatus),All Star SwingJam,2025-03-13,2025-03-16,http://www.allstarswingjam.com,2025,3,2025-03,day,wsdc_calendar,hiatus,1e55255f1504c4b684a222a7
Dutch open West Coast swing,Dutch open West Coast swing,Dutch open West Coast swing,2025-03-13,2025-03-16,https://www.dutchopenwcs.com/,2025,3,2025-03,day,wsdc_calendar,,d6d8c3cdb65385b611afb16a
The Chicago Classic,The Chicago Classic,The Chicago Classic,2025-03-13,2025-03-16,http://www.thechicagoclassic.com,2025,3,2025-03,day,wsdc_calendar,,4fa3b634dd99ad6bfbd24847
West In Lyon,West In Lyon,West in Lyon,2025-03-13,2025-03-16,http://www.west-in-lyon.fr,2025,3,2025-03,day,wsdc_calendar,,13267aa042fe0848718b5641
Westie Spring Thing,Westie Spring Thing,Westie Spring Thing,2025-03-13,2025-03-16,https://westiespringthing.com,2025,3,2025-03,day,wsdc_calendar,,80a7b1989ffd520928318c41
5280 Westival,5280 Westival,5280 Westival,2025-03-20,2025-03-24,https://www.5280westival.com,2025,3,2025-03,day,wsdc_calendar,,ee563a0f3012ea424e137847
KING SWING,KING SWING,King Swing,2025-03-20,2025-03-24,http://kingswing.pl,2025,3,2025-03,day,wsdc_calendar,,5e46b0cbedc1f47e10a08874
Novice Invitational,Novice Invitational,Novice Invitational,2025-03-20,2025-03-23,http://Novice-invitational.com,2025,3,2025-03,day,wsdc_calendar,,a95d3eb75311c22cbb561476
The Boston Tea Party,The Boston Tea Party,Boston Tea Party,2025-03-20,2025-03-24,http://teapartyswings.com,2025,3,2025-03,day,wsdc_calendar,,cb4579a6b0986bcb0550fd3a
By-Town Open (BTO),By-Town Open (BTO),Calgary Town Open,2025-03-27,2025-03-30,http://Btoopen.ca,2025,3,2025-03,day,wsdc_calendar,,743786969ac3cfd022565f0a
The Boston Tea Party,The Boston Tea Party,Boston Tea Party,2025-03-27,2025-03-30,http://teapartyswings.com,2025,3,2025-03,day,wsdc_calendar,,0cde0b4d71796c3a059e2463
UK WCS Championships,UK WCS Championships,UK WCS Championships,2025-03-27,2025-03-31,http://www.ukwcschamps.com,2025,3,2025-03,day,wsdc_calendar,,ca7943cfeffb720fec587fb5
San Diego Dance Festival,San Diego Dance Festival (Unconfirmed),San Diego Dance Festival,2025-03-28,2025-03-30,https://sandiegodancefestival.com,2025,3,2025-03,day,wsdc_calendar,unconfirmed,ef3a72cf892e03204fa6393b
WESTY NANTES,WESTY NANTES,Westy Nantes,2025-04-04,2025-04-06,https://www.westynantes.com/,2025,4,2025-04,day,wsdc_calendar,,e66a8bd42f92115920be13d3
Calgary Dance Stampede,Calgary Dance Stampede,Calgary Dance Stampede,2025-04-10,2025-04-13,http://www.calgarydancestampede.com,2025,4,2025-04,day,wsdc_calendar,,c243d7286e8947621931ce8b
City of Angels,City of Angels,City of Angels WCS,2025-04-10,2025-04-13,https://cityofangelswcs.com/,2025,4,2025-04,day,wsdc_calendar,,2ceeef3e515d9edc290a5d47
Korean Open WCS Championships,Korean Open WCS Championships,Korean Open WCS Championships,2025-04-10,2025-04-13,https://www.kopenwcs.com/,2025,4,2025-04,day,wsdc_calendar,,375f8aa2333ef62f77ca926b
Slovenian Open,Slovenian Open,Slovenian Open,2025-04-10,2025-04-14,https://www.slovenianopen.dance,2025,4,2025-04,day,wsdc_calendar,,81737d97ce78c6a8a6a39486
Asia West Coast Swing Open,Asia West Coast Swing Open,Asia West Coast Swing Open,2025-04-17,2025-04-20,https://www.asiawcsopen.com/,2025,4,2025-04,day,wsdc_calendar,,bf3c7ecac4204f95a6d2cfdc
Easter Swing,Easter Swing,Easter Swing,2025-04-17,2025-04-20,https://www.easterswing.org/,2025,4,2025-04,day,wsdc_calendar,,2485843be9230b5da8ca0571
Tulsa Spring Swing,Tulsa Spring Swing,Tulsa Spring Swing,2025-04-18,2025-04-20,http://www.TulsaSpringSwing.com,2025,4,2025-04,day,wsdc_calendar,,8dff417a5584bbfe9b09daee
SwingIN Festival,SwingIN Festival,SwingIN Festival,2025-04-23,2025-04-27,http://www.tanzhaus-bonn.de/swingin-festival,2025,4,2025-04,day,wsdc_calendar,,f57e013434ea481fc9802c28
Detonation Dance,Detonation Dance,Detonation Dance,2025-04-24,2025-04-28,http://www.DetonationDance.com,2025,4,2025-04,day,wsdc_calendar,,9ce7e69a2b4f6943c06f7caa
HONEY FEST,HONEY FEST,HONEY FEST,2025-04-24,2025-04-27,https://honeyfest-ufa.ru/,2025,4,2025-04,day,wsdc_calendar,,d3f77b7fa5ddaad36e26066b
Swingover,Swingover,Swingover,2025-04-24,2025-04-27,http://www.swingoverevent.com,2025,4,2025-04,day,wsdc_calendar,,1faa2c770f2c381c810dc7d6
Spring Time Swing,Spring Time Swing,Spring Time Swing,2025-04-30,2025-05-04,https://springtimeswing.com/,2025,5,2025-05|2025-04,day,wsdc_calendar,,b802eed63fa1844423ec657d
BeeMAD,BeeMAD,BeeMAD,2025-05-01,2025-05-04,https://beemadwcs.com,2025,5,2025-05,day,wsdc_calendar,,54f5259a2ba52996fb7c3d6d
Nordic WCS Championships,Nordic WCS Championships,Nordic WCS Championships,2025-05-01,2025-05-05,http://www.nordicwcschamps.com,2025,5,2025-05,day,wsdc_calendar,,fc0bd697cabb07167d975318
Swing Dance America,Swing Dance America 2025 (Cancelled),Swing Dance America,2025-05-01,2025-05-05,https://www.swingdanceamerica.com/,2025,5,2025-05,day,wsdc_calendar,cancelled,898fa9e586171cfd2ebf0f51
Swingin' Into Spring,Swingin' Into Spring 2025,Swingin' Into Spring,2025-05-01,2025-05-04,http://www.sis.djkenm.com,2025,5,2025-05,day,wsdc_calendar,,c35190ffb90a04b5eb34161c
Med in Swing,Med in Swing,Med in Swing,2025-05-08,2025-05-11,http://www.medinswing.rocks,2025,5,2025-05,day,wsdc_calendar,,5bf1db6abd51a7746be1dcd8
SOM - Swing of Music,SOM - Swing of Music,SOM - Swing of Music,2025-05-08,2025-05-12,https://www.swingofmusic.com/,2025,5,2025-05,day,wsdc_calendar,,4e87bd146d68ab8575ff3312
Swingsation,Swingsation,Swingsation,2025-05-09,2025-05-11,https://rawconnection.com.au/swingsation/,2025,5,2025-05,day,wsdc_calendar,,5aadd1b45a1acff26560fb69
Show Me Showdown,Show Me Showdown,Show Me Showdown,2025-05-15,2025-05-18,http://TheShowMeShowdown.com,2025,5,2025-05,day,wsdc_calendar,,a461d84584a0a7deff9a3a68
SOswing,SOswing,SOswing,2025-05-15,2025-05-18,http://soswingdance.com,2025,5,2025-05,day,wsdc_calendar,,b8a0f9e9dba225818666f6c5
Canadian Swing Championships,Canadian Swing Championships,Canadian Swing Championships,2025-05-16,2025-05-19,http://canadianswingchampionships.com,2025,5,2025-05,day,wsdc_calendar,,c7a5a8c6768fad7b18cf9404
Dance Jam Jack & Jill Weekend,Dance Jam Jack & Jill Weekend,Dance Jam Jack & Jill Weekend,2025-05-16,2025-05-18,http://www.dancejamproductions.com,2025,5,2025-05,day,wsdc_calendar,,ace1cae565862d5b3f6d4561
Texas Classic,Texas Classic,Texas Classic,2025-05-16,2025-05-18,http://www.thetexasclassic.com,2025,5,2025-05,day,wsdc_calendar,,4bda978eeb96ce08e6400bec
USA Grand National Dance Championships,USA Grand National Dance Championships,USA Grand Nationals,2025-05-22,2025-05-26,http://www.usagrandnationals.com,2025,5,2025-05,day,wsdc_calendar,,b1b75ad80cc4ad509b53474d
Nanaimo Dance Fusion,Nanaimo Dance Fusion,Nanaimo Dance Fusion,2025-05-23,2025-05-25,http://www.nanaimodancefusion.ca,2025,5,2025-05,day,wsdc_calendar,,fc2db0bde2ac3f98ba685670
French Open WCS,French Open WCS,French Open West Coast Swing,2025-05-28,2025-06-02,http://www.fowcs.com,2025,6,2025-06|2025-05,day,wsdc_calendar,,ebab212ad60f382f46bbfb71
Michigan Classic,Michigan Classic,Michigan Dance Classic,2025-05-29,2025-06-01,http://www.michiganclassicswing.com,2025,6,2025-06|2025-05,day,wsdc_calendar,,a74d06d2303b2fd772568bda
Festival City Swing,Festival City Swing,Festival City Swing,2025-05-30,2025-06-01,https://festivalcityswing.co.uk/,2025,6,2025-06|2025-05,day,wsdc_calendar,,80837112a2095f30c736d0a9
Hungarian Open,Hungarian Open,Hungarian Open,2025-05-30,2025-06-01,http://wcs-ho.com,2025,6,2025-06|2025-05,day,wsdc_calendar,,0a57f4f5a97a3a61fa229b64
Next Level Swing,Next Level Swing,Next Level Swing,2025-05-30,2025-06-01,http://www.next-level.dance,2025,6,2025-06|2025-05,day,wsdc_calendar,,e4ae2995cb387e360795edad
BALTIC SWING,BALTIC SWING,Baltic Swing,2025-06-05,2025-06-09,http://www.balticswing.com,2025,6,2025-06,day,wsdc_calendar,,74c4d9b01d444dc2591ff599
Jack & Jill O'Rama,Jack & Jill O'Rama,Jack & Jill O'Rama,2025-06-05,2025-06-09,https://jackandjillorama.com/,2025,6,2025-06,day,wsdc_calendar,,8f353e04e32213237e17ede5
Orange Blossom Dance Festival,Orange Blossom Dance Festival,Orange Blossom Dance Festival,2025-06-05,2025-06-08,http://www.orangeblossomdance.net,2025,6,2025-06,day,wsdc_calendar,,73863dd4b044a5cee88c3da0
D-TOWNSWING,D-TOWNSWING,D-Town Swing,2025-06-12,2025-06-15,http://www.d-townsing.com,2025,6,2025-06,day,wsdc_calendar,,8f16c4867d9361dccda2e8ec
Barock Swing Ludwigsburg,Barock Swing Ludwigsburg,Barock Swing Ludwigsburg,2025-06-19,2025-06-22,https://lb-barockswing.com/index.php,2025,6,2025-06,day,wsdc_calendar,,0b38537286e927a15ba656e2
SWINGAPALOOZA,SWINGAPALOOZA,Swingapalooza,2025-06-20,2025-06-22,http://www.swingapaloozaevent.com,2025,6,2025-06,day,wsdc_calendar,,476801faeb551826f60bafa6
Colorado Country Classic,Colorado Country Classic,Colorado Country Classic,2025-06-26,2025-06-29,http://www.coloradocountryclassic.net,2025,6,2025-06,day,wsdc_calendar,,556c4bb34e3341bee360e057
Dance N Play,Dance N Play,Dance N Play,2025-06-26,2025-06-29,https://dancenplay.com/,2025,6,2025-06,day,wsdc_calendar,,ead210818c2fdfaa02958d02
Liberty Swing Dance Championships,Liberty Swing Dance Championships,Liberty Swing Dance Championships,2025-06-26,2025-06-29,http://www.libertyswing.com,2025,6,2025-06,day,wsdc_calendar,,1c2e933c4fee8212411c5e31
NeverlandSwing,NeverlandSwing,NeverlandSwing,2025-06-26,2025-06-30,http://www.neverlandswing.com,2025,6,2025-06,day,wsdc_calendar,,64e0150cdd7e85c2fe7fd951
FRENCH CONNECTION WCS,FRENCH CONNECTION WCS,FRENCH CONNECTION WCS,2025-06-27,2025-06-30,http://FRENCHCONNECTIONWCS.COM,2025,6,2025-06,day,wsdc_calendar,,cbccd5c66e9b4f802a6c90fa
Swing Fiction,Swing Fiction,Swing Fiction,2025-06-27,2025-06-29,https://www.swingfiction.cz/,2025,6,2025-06,day,wsdc_calendar,,842177393a9f514d731a4759
Americano Dance Camp,Americano Dance Camp,Americano Dance Camp,2025-07-03,2025-07-07,https://vk.com/americano2025 t.me/americamodancecamp,2025,7,2025-07,day,wsdc_calendar,,9647a99c1341cce3d8042b4d
Phoenix 4th of July,Phoenix 4th of July,4TH of July Convention,2025-07-03,2025-07-06,http://phoenix4thofjuly.com,2025,7,2025-07,day,wsdc_calendar,,a3685c361aea43f98075337f
SaunaSwing,SaunaSwing,SaunaSwing,2025-07-03,2025-07-06,https://ekarolas.com/saunaswing/,2025,7,2025-07,day,wsdc_calendar,,a8c2cd343c166eee266ab2b7
Wild Wild Westie,Wild Wild Westie,Wild Wild Westie,2025-07-03,2025-07-06,http://www.WildWildWestie.com,2025,7,2025-07,day,wsdc_calendar,,bd98d5abedc476b6e4a724f2
Big Apple Dance Festival,Big Apple Dance Festival,Big Apple Dance Festival,2025-07-10,2025-07-13,http://bigapplecountrydance.com,2025,7,2025-07,day,wsdc_calendar,,7b74b9889c9028966cd81ad9
Carolina Summer Swing,Carolina Summer Swing,Carolina Summer Swing,2025-07-10,2025-07-13,https://carolinasummerswing.com/,2025,7,2025-07,day,wsdc_calendar,,739fb317fc4a7d4a13cac66d
MY Swing,MY Swing,MY Swing,2025-07-10,2025-07-13,https://www.myswingopen.com/,2025,7,2025-07,day,wsdc_calendar,,4b03b087fcb55f27d7c435e1
Mediterranean Open WCS,Mediterranean Open WCS,Mediterranean Open WCS,2025-07-11,2025-07-13,https://mediterraneanopenwcs.com/,2025,7,2025-07,day,wsdc_calendar,,1e4c390de3d8f200277faea4
Midwest Westie Fest,Midwest Westie Fest 2025,Midwest Westie Fest,2025-07-17,2025-07-20,http://Www.Midwestwestiefest.com,2025,7,2025-07,day,wsdc_calendar,,4bed22b1f1fbb1b1c074c49d
St. Petersburg WCS Nights,St. Petersburg WCS Nights,St. Petersburg WCS Nights,2025-07-17,2025-07-20,http://wcsnights.ru,2025,7,2025-07,day,wsdc_calendar,,db59e306f0792bc5c37015ef
Toronto Open,Toronto Open,Toronto Open Swing & Hustle Championships,2025-07-17,2025-07-20,http://www.TOSHC.com,2025,7,2025-07,day,wsdc_calendar,,d2d7dcb25f78ac47b84a8356
Revitalise WCS,Revitalise WCS,Revitalise WCS,2025-07-18,2025-07-20,https://withjoy.com/revitalisewcs-melbourne2025/welcome,2025,7,2025-07,day,wsdc_calendar,,41742fad0bd7db8e4c2a349c
Rock the Barn,Rock the Barn,Rock the Barn,2025-07-18,2025-07-20,https://rockthebarn.se/,2025,7,2025-07,day,wsdc_calendar,,608e2ae564e08b390a7e60cf
Dance Mardi Gras,Dance Mardi Gras,Dance Mardi Gras,2025-07-24,2025-07-27,https://dancemardigras.com/,2025,7,2025-07,day,wsdc_calendar,,da02703c2c31127495f4436c
Florida Dance Magic,Florida Dance Magic,Florida Dance Magic,2025-07-24,2025-07-27,https://floridadancemagic.com,2025,7,2025-07,day,wsdc_calendar,,b0be5082b849c884a520d297
Florida Dance Magic,Florida Dance Magic (Unconfirmed),Florida Dance Magic,2025-07-25,,https://floridadancemagic.com/,2025,7,2025-07,day_start_only,wsdc_calendar,invalid_end|unconfirmed,4dc2b589199c8850723248aa
Arizona Dance Classic,Arizona Dance Classic,Arizona Dance Classic,2025-07-31,2025-08-03,https://arizonadanceclassic.com/,2025,8,2025-08|2025-07,day,wsdc_calendar,,a9aefb8b43de78c339b4cca6
New England Dance Festival,New England Dance Festival,New England Dance Festival,2025-07-31,2025-08-03,http://www.nedancefestival.com,2025,8,2025-08|2025-07,day,wsdc_calendar,,72c3841d58f325f8297b8fc8
Sea Sun & Swing Camp,Sea Sun & Swing Camp (Hiatus in 2025),Sea Sun & Swing Camp,2025-07-31,2025-08-03,http://www.seasunswing.fr,2025,8,2025-08|2025-07,day,wsdc_calendar,hiatus,050f5dfa2651dfad0f881087
Bristol Swing Fiesta,Bristol Swing Fiesta,Bristol Swing Fiesta,2025-08-01,2025-08-03,https://www.bristolcityswing.com/bsf,2025,8,2025-08,day,wsdc_calendar,,887cb54ba0ec87eaa397a5b8
Lisbon Westie Fest,Lisbon Westie Fest,Lisbon Westie Fest,2025-08-01,2025-08-03,http://www.lisbonwestiefest.com,2025,8,2025-08,day,wsdc_calendar,,19f012515f64f924f8bc3e05
Warsaw Summer Nights Westival,Warsaw Summer Nights Westival,Warsaw Summer Nights Westival,2025-08-01,2025-08-03,https://www.summernightswestival.com/,2025,8,2025-08,day,wsdc_calendar,,b28c2cda73fed80eda98341d
German Open West Coast Swing,German Open West Coast Swing,German Open West Coast Swing,2025-08-07,2025-08-10,https://go-wcs.com,2025,8,2025-08,day,wsdc_calendar,,9d89d36a9909e50d400ad711
Lonestar Invitational,Lonestar Invitational,Lone Star Invitational,2025-08-07,2025-08-10,http://Www.lonestarcountrydance.com.,2025,8,2025-08,day,wsdc_calendar,,84ddf45082bb1a8f7b264dfd
Swing Fling,Swing Fling,Swing Fling,2025-08-07,2025-08-11,http://www.swingfling.com,2025,8,2025-08,day,wsdc_calendar,,9967ab67e0407240cfe5ca28
Swingtacular: The Galactic Open,Swingtacular: The Galactic Open,Swingtacular: The Galactic Open,2025-08-07,2025-08-10,http://www.DanceGeekProductions.Art,2025,8,2025-08,day,wsdc_calendar,,8f86080c47dfc744e6acab8a
SwingTime Denver,SwingTime Denver,SwingTime Denver,2025-08-14,2025-08-17,http://www.swingtimewcs.com,2025,8,2025-08,day,wsdc_calendar,,3a686afea2ae90ce53700b68
Chicagoland Country and Swing Dance Festival,Chicagoland Country and Swing Dance Festival,Chicagoland Country and Swing Dance Festival,2025-08-15,2025-08-17,http://www.chicagolanddancefestival.com,2025,8,2025-08,day,wsdc_calendar,,4685c8ef6dd5313f07154d12
Grand Party Sofia (GPS),Grand Party Sofia (GPS),Grand Party Sofia,2025-08-15,2025-08-17,https://wcs-gps.com/,2025,8,2025-08,day,wsdc_calendar,,c093996ee30f635614ae211d
UpTown Swing,UpTown Swing,UpTown Swing,2025-08-15,2025-08-18,http://www.uptownswing.se,2025,8,2025-08,day,wsdc_calendar,,0047dda5c84b23c681f3fd55
Summer Hummer,Summer Hummer,Summer Hummer,2025-08-21,2025-08-24,https://summerhummerboston.com/,2025,8,2025-08,day,wsdc_calendar,,7b797b7442038a9927fcc0e7
Summer Hummer,Summer Hummer,Summer Hummer,2025-08-21,2025-08-24,,2025,8,2025-08,day,wsdc_calendar,,b85b8949918942118481c39f
Swing Dance Mania,Swing Dance Mania,Swing Dance Mania,2025-08-21,2025-08-24,http://swingdancemania.com,2025,8,2025-08,day,wsdc_calendar,,830041aab3ec1f0d335ff62b
The Bend Connection,The Bend Connection,The Bend Connection,2025-08-21,2025-08-24,http://thebendconnection.com,2025,8,2025-08,day,wsdc_calendar,,376fa2a19c6ed002784db009
Shakedown Swing,Shakedown Swing,Shakedown Swing,2025-08-22,2025-08-24,https://code03swing.com/shakedown,2025,8,2025-08,day,wsdc_calendar,,3203f455263badfee4c7dc10
Desert City Swing,Desert City Swing,Desert City Swing,2025-08-28,2025-09-01,http://www.desertcityswing.com,2025,9,2025-09|2025-08,day,wsdc_calendar,,08e44b5453aa4a791a05d9f3
Jax Westie Fest,Jax Westie Fest,River City Swing,2025-08-28,2025-08-31,http://www.jaxwestiefest.com,2025,8,2025-08,day,wsdc_calendar,,dc53e0ccaa92a39d9d2b5a47
Rolling Swing,Rolling Swing,Rolling Swing,2025-08-28,2025-09-01,http://www.frenchywesty.com,2025,9,2025-09|2025-08,day,wsdc_calendar,,06bbcbb8c7f384c65ecebca9
South Bay Dance Fling,South Bay Dance Fling,South Bay Dance Fling,2025-08-28,2025-09-01,https://sbdf.dance/,2025,9,2025-09|2025-08,day,wsdc_calendar,,f2a0c203a8bc4e6fecc6422e
Korea Westival,Korea Westival 2025,Korea Westival,2025-09-04,2025-09-07,http://koreawestival.com,2025,9,2025-09,day,wsdc_calendar,,49790299ff7abcc6ba22fac8
Trilogy Swing,Trilogy Swing,Trilogy Swing,2025-09-04,2025-09-07,https://www.trilogywcs.com/,2025,9,2025-09,day,wsdc_calendar,,8dbda65751548df699fade11
Sea Dance Fest,Sea Dance Fest,Sea Dance Fest,2025-09-05,2025-09-07,https://vk.com/seadancefest,2025,9,2025-09,day,wsdc_calendar,,0dcb0c070b41d7eb2f0bf73b
Bavarian Open West Coast Swing Championships,Bavarian Open West Coast Swing Championships,Bavarian Open,2025-09-11,2025-09-14,https://bavarianopen.com,2025,9,2025-09,day,wsdc_calendar,,5eaf1962d29ba7ce0d789fdc
Best of the Best WCS,Best of the Best WCS,Best of the Best WCS,2025-09-11,2025-09-14,https://www.bestofthebestwcs.com/,2025,9,2025-09,day,wsdc_calendar,,3b4c2c0826fb95adde654166
Retaliation Swing,Retaliation Swing,Retaliation Swing,2025-09-18,2025-09-22,https://www.retaliationswing.com,2025,9,2025-09,day,wsdc_calendar,,47557f9ee90abf8f2d98e8ca
Austin Rocks,Austin Rocks,Austin Rocks,2025-09-19,2025-09-21,http://www.atxrox.com,2025,9,2025-09,day,wsdc_calendar,,590a66790a543a86ac26803f
Finnfest,Finnfest,Finnfest,2025-09-19,2025-09-22,http://www.finnfest.fi,2025,9,2025-09,day,wsdc_calendar,,c63edb9339a78ccb82ad34b2
Philly Swing Dance Classic,Philly Swing Dance Classic,Philly Swing Dance Classic,2025-09-19,2025-09-21,https://phillyswing.com/,2025,9,2025-09,day,wsdc_calendar,,9caea6f7e411d9479aa56504
WCS Party,WCS Party,WCS Party,2025-09-19,2025-09-21,https://www.wcsparty.com/,2025,9,2025-09,day,wsdc_calendar,,0e8b42c6b5c5323f9ec90062
Meet Me in St. Louis Swing Dance Championships,Meet Me in St. Louis Swing Dance Championships,Meet Me in St. Louis Swing Dance Championships,2025-09-25,2025-09-28,http://www.mmisl.com,2025,9,2025-09,day,wsdc_calendar,,3acbb6929846256be7f97746
Midland Swing Open,Midland Swing Open,Midland Swing Open,2025-09-25,2025-09-29,http://www.MidlandSwingOpen.com,2025,9,2025-09,day,wsdc_calendar,,4320afe784bb9eb2ff129ecb
Mooseland Swing,Mooseland Swing 2025,Mooseland Swing,2025-09-25,2025-09-29,https://mooselandswing.com/,2025,9,2025-09,day,wsdc_calendar,,fad1f5c9b32f136e604fe03b
Atlanta Swing Classic,Atlanta Swing Classic,Atlanta Swing Classic,2025-10-02,2025-10-05,https://atlantaswingclassic.com/,2025,10,2025-10,day,wsdc_calendar,,855d76c8f0837f1efdc4af9f
Norwegian Open WCS,Norwegian Open WCS,Norwegian Open WCS,2025-10-02,2025-10-06,https://norwegianopen.no/,2025,10,2025-10,day,wsdc_calendar,,33e6f40bcd3ee636de6063b5
The Aloha Open,The Aloha Open,The Aloha Open,2025-10-08,2025-10-12,http://www.alohaopenwcs.com,2025,10,2025-10,day,wsdc_calendar,,ef8127a40f85869942a9f333
Milan Modern Swing,Milan Modern Swing 2025,Milan Modern Swing,2025-10-09,2025-10-12,https://www.westcoastswingmilan.com/,2025,10,2025-10,day,wsdc_calendar,,e38c5242bb451ac8abe35a86
Paradise dance festival,Paradise dance festival,Paradise Dance Festival,2025-10-09,2025-10-12,http://www.paradisecountrydancefestival.com,2025,10,2025-10,day,wsdc_calendar,,ac1120be43660f6a6f1c4898
Go West SwingFest,Go West SwingFest,Go West SwingFest,2025-10-10,2025-10-12,https://www.gowestswingfest.au,2025,10,2025-10,day,wsdc_calendar,,5e58b63738433c8272d1526e
Boogie by the Bay,Boogie by the Bay,Boogie By The Bay,2025-10-16,2025-10-20,https://boogiebythebay.com,2025,10,2025-10,day,wsdc_calendar,,523ba93523249cfba314bce3
The New Zealand West Coast Swing Open,The New Zealand West Coast Swing Open,New Zealand Open Swing Dance Championships,2025-10-16,2025-10-19,https://www.streetswing.co.nz/the-new-zealand-open,2025,10,2025-10,day,wsdc_calendar,,52689339ac91e6886b6dd0b4
Montreal Westie Fest,Montreal Westie Fest,Montreal Westie Fest,2025-10-17,2025-10-19,http://montrealwestiefest.com,2025,10,2025-10,day,wsdc_calendar,,bb1b3f25cf6cd4dbe9c09356
Swustlicious,Swustlicious,Swustlicious,2025-10-17,2025-10-19,http://www.swustlicious.com,2025,10,2025-10,day,wsdc_calendar,,f284d105874f4b6790b53b50
Augsburg Westie Station,Augsburg Westie Station,Augsburg Westie Station,2025-10-22,2025-10-25,https://www.augsburgwestiestation.com/,2025,10,2025-10,day,wsdc_calendar,,86bf8652899c5bfa28fd6abe
Halloween SwingThing,Halloween SwingThing,Halloween SwingThing,2025-10-23,2025-10-26,http://HSTswing.com,2025,10,2025-10,day,wsdc_calendar,,91c38e8c616bba2ea9a4ae8b
Swing City Chicago,Swing City Chicago,Swing City Chicago,2025-10-23,2025-10-26,https://swingcitychicago.com,2025,10,2025-10,day,wsdc_calendar,,7e6aff277ab5d413db96c962
SASS Spooky Albany Swing Spectacular,SASS Spooky Albany Swing Spectacular,SASS Spooky Albany Swing Spectacular,2025-10-24,2025-10-26,http://www.spookyalbanyswing.com,2025,10,2025-10,day,wsdc_calendar,,f6eabb37df098487fe390261
Swingside Invitational,Swingside Invitational,Swingside Invitational,2025-10-24,2025-10-26,http://www.swingside-invitational.com,2025,10,2025-10,day,wsdc_calendar,,57ac54a4e863108fc8433859
Swingside Invitational,Swingside Invitational,Swingside Invitational,2025-10-24,2025-10-27,http://www.ssiwcs.com,2025,10,2025-10,day,wsdc_calendar,,959a24cef4890f0023701da9
WCS Festival,WCS Festival,WCS Festival,2025-10-24,2025-10-26,http://www.wcsfestival.de,2025,10,2025-10,day,wsdc_calendar,,4e8024f509227f439a3a01af
Mountain Magic Dance Convention,Mountain Magic Dance Convention,Mountain Magic Dance Convention,2025-10-30,2025-11-02,https://mountainmagic.dance/,2025,11,2025-11|2025-10,day,wsdc_calendar,,2053513024565e61b589b639
"Scandinavian Open WCS ""SNOW""","Scandinavian Open WCS ""SNOW""",Scandinavian Open,2025-10-30,2025-11-02,http://www.snowcs.se,2025,11,2025-11|2025-10,day,wsdc_calendar,,be0f22b77590aab7c2279d93
Warsaw Halloween Swing,Warsaw Halloween Swing,Warsaw Halloween Swing,2025-10-30,2025-11-03,http://www.warsawhalloweenswing.com,2025,11,2025-11|2025-10,day,wsdc_calendar,,7fad744ab7d944e9629d7b52
Rocket City Swing,Rocket City Swing,Westies on the Water,2025-10-31,2025-11-02,https://rocketcityswing.com/,2025,11,2025-11|2025-10,day,wsdc_calendar,,48b1501d9a44e13d0a762736
Spooky Westie Weekend,Spooky Westie Weekend,Spooky Westie Weekend,2025-10-31,2025-11-02,https://spookywestieweekend.com/,2025,11,2025-11|2025-10,day,wsdc_calendar,,32a1ec67e893001aaa74e56b
Simply Adelaide West Coast Swing,Simply Adelaide West Coast Swing,Simply Adelaide West Coast Swing,2025-11-06,2025-11-09,http://www.simplyadelaidewcs.com.au,2025,11,2025-11,day,wsdc_calendar,,67b17e9246db8d966e7d1f71
Tampa Bay Classic,Tampa Bay Classic,Tampa Bay Classic,2025-11-06,2025-11-09,http://www.tbcwcs.com,2025,11,2025-11,day,wsdc_calendar,,c23f07bfb0d644c46a1ab14b
Autumn Swing Challenge,Autumn Swing Challenge,Autumn Swing Challenge,2025-11-07,2025-11-09,http://asc-budapest.com,2025,11,2025-11,day,wsdc_calendar,,94fc6a8109d6d35f2c7f1d69
Moscow Westie Fest Gala Edition,Moscow Westie Fest Gala Edition,Moscow Westie Fest,2025-11-07,2025-11-10,http://westiefest.org/,2025,11,2025-11,day,wsdc_calendar,,5ae558d61e682bde4e5432e6
Westie's Angels,Westie's Angels,Westie's Angels,2025-11-07,2025-11-10,http://www.frenchywesty.com,2025,11,2025-11,day,wsdc_calendar,,a25bff8a915c3ab31afbf817
DC Swing eXperience (DCSX),DC Swing eXperience (DCSX),DC Swing eXperience (DCSX),2025-11-13,2025-11-16,http://www.dcswingexperience.com,2025,11,2025-11,day,wsdc_calendar,,ae8bffaf336ab3ac5b4af8c0
Midnight Madness WCS,Midnight Madness WCS,Midnight Madness,2025-11-13,2025-11-16,http://www.MidnightMadnessWCS.com,2025,11,2025-11,day,wsdc_calendar,,d449ecdc4765c8f5c2fe673e
Sea to Sky Seattle,Sea to Sky Seattle (Hiatus),Sea to Sky Seattle,2025-11-13,2025-11-17,http://Seatoskywcs.com,2025,11,2025-11,day,wsdc_calendar,hiatus,3565d3c883bea0b21a96420e
Flowstate | West Coast Swing & Zouk Festival,Flowstate | West Coast Swing & Zouk Festival,Flowstate | West Coast Swing & Zouk Festival,2025-11-14,2025-11-16,https://eastonswing.com/west-coast-swing-events/world-swing-dance-council/flowstate-west-coast-swing-zouk-festival-eastonswing/,2025,11,2025-11,day,wsdc_calendar,,eb4a50294687a24e07ca5b0c
Westie Pink City,Westie Pink City,Westie Pink City,2025-11-14,2025-11-16,http://www.westiepinkcity.fr,2025,11,2025-11,day,wsdc_calendar,,89a66f1805e4c9ef3d624be4
Northeast Swing Classic,Northeast Swing Classic,Northeast Swing Classic,2025-11-20,2025-11-23,http://www.northeastswingclassic.com,2025,11,2025-11,day,wsdc_calendar,,565d3d94591e591e60481854
The Open World Swing Dance Championships,The Open World Swing Dance Championships,World Swing Dance Championships,2025-11-26,2025-11-30,http://www.theopenswing.com,2025,11,2025-11,day,wsdc_calendar,,251cac097955d18cb8cddd44
CASH Bash,CASH Bash,CASH Bash,2025-11-27,2025-11-27,https://cashdanceclub.org/cash-bash/,2025,11,2025-11,day,wsdc_calendar,,619bb7b398c8a1a45b99df1a
"The After Party ""TAP""","The After Party ""TAP""","The After Party ""TAP""",2025-12-04,2025-12-07,http://www.tapwcs.com,2025,12,2025-12,day,wsdc_calendar,,f2d7d7b7cde72becf5446b2f
Winter White West Coast Swing,Winter White West Coast Swing,Winter White West Coast Swing,2025-12-04,2025-12-08,http://www.winterwhite.no,2025,12,2025-12,day,wsdc_calendar,,f8a1133e0f92004da7a01e5b
Shooba Dooba Swing,Shooba Dooba Swing,Shooba Dooba Swing,2025-12-05,2025-12-08,https://t.me/ShoobaDoobaSwing,2025,12,2025-12,day,wsdc_calendar,,7ccc28688b870e60339ad7cd
Berlin Swing Revolution,Berlin Swing Revolution,Berlin Swing Revolution,2025-12-11,2025-12-14,https://berlinswingrevolution.com/,2025,12,2025-12,day,wsdc_calendar,,65eee9f00e2fdbfb13141d05
Santa Swing,Santa Swing,Santa Swing,2025-12-11,2025-12-15,http://santaswing.pl,2025,12,2025-12,day,wsdc_calendar,,3656faea9884144a68a23498
Global Grand Prix - West Coast Swing Championships,Global Grand Prix - West Coast Swing Championships,Global Grand Prix - West Coast Swing Championships,2025-12-12,2025-12-15,https://www.globalgrandprixwcs.com/,2025,12,2025-12,day,wsdc_calendar,,0ab55a5a5b2ae36b57336726
Westie Gala,Westie Gala,Westie Gala,2025-12-28,2026-01-01,http://www.westiegala.com,2026,1,2026-01|2025-12,day,wsdc_calendar,,2b56eb6ef2145183c1d3daca
Floorplay Swing Vacation,Floorplay Swing Vacation,Floorplay Swing Vacation,2025-12-30,2026-01-04,http://www.floorplayswingvacation.com,2026,1,2026-01|2025-12,day,wsdc_calendar,,37d0cb99d7fa42c47958a04c
Countdown Swing Boston,Countdown Swing Boston,Countdown Swing Boston,2025-12-31,2026-01-04,https://countdownswingboston.com/,2026,1,2026-01|2025-12,day,wsdc_calendar,,2e54e87340e92208911c156c
Spotlight New Year's Celebration,Spotlight New Year's Celebration,Spotlight New Year's Celebration,2025-12-31,2026-01-04,http://www.spotlightnewyears.com,2026,1,2026-01|2025-12,day,wsdc_calendar,,4e5e9d16c11db0c22149b0e6
SwingCouver,SwingCouver,SwingCouver,2025-12-31,2026-01-04,http://www.swingcouver.com,2026,1,2026-01|2025-12,day,wsdc_calendar,,e7e7a651d2920a6285b6f722
SwingVester,SwingVester 2025,SwingVester,2025-12-31,2026-01-05,http://www.swingvester.com,2026,1,2026-01|2025-12,day,wsdc_calendar,,5b4aa9b92dbe5000ac54be48
UCWDC Country Dance World Championships,UCWDC Country Dance World Championships,UCWDC Country Dance World Championship,2026-01-01,2026-01-03,http://www.ucwdcworlds.com,2026,1,2026-01,day,wsdc_calendar,,92d34223f493e11c2161717f
BudaFest Open WCS Championships,BudaFest Open WCS Championships,BudaFest Open WCS Championships,2026-01-06,2026-01-11,http://wcs-budafest.com,2026,1,2026-01,day,wsdc_calendar,,1d65bfc2c43b7a1a634ca69d
Austin Swing Dance Championships,Austin Swing Dance Championships,Austin Swing Dance Championships,2026-01-15,2026-01-19,https://austinswingdance.com,2026,1,2026-01,day,wsdc_calendar,,23be7b8965ea6bf33d1e21b1
Monterey Swing Fest,Monterey Swing Fest,Monterey SwingFest,2026-01-15,2026-01-19,http://www.montereyswing.com,2026,1,2026-01,day,wsdc_calendar,,0eaa0ecb71ae515dd4ccd593
Avignon City Swing,Avignon City Swing,Avignon City Swing,2026-01-16,2026-01-18,https://www.avignoncityswing.com,2026,1,2026-01,day,wsdc_calendar,,24b6ae4353291c84ba799ba6
The Australian Classic WCSDC,The Australian Classic WCSDC,The Australian Classic WCSDC,2026-01-16,2026-01-18,https://www.dancewcsa.com.au/,2026,1,2026-01,day,wsdc_calendar,,d25f3820706728cf3059a6d0
Derby City Swing,Derby City Swing,Derby City Swing,2026-01-22,2026-01-25,https://derbycityswing.com/,2026,1,2026-01,day,wsdc_calendar,,b1395ed7c4967be7e7e382e1
Swing Resolution,Swing Resolution,Swing Resolution,2026-01-22,2026-01-26,http://www.swingresolution.com,2026,1,2026-01,day,wsdc_calendar,,287b8ec0031be515f41c3204
Freedom Swing Dance Challenge,Freedom Swing Dance Challenge,Freedom Swing Dance Challenge,2026-01-23,2026-01-25,https://freedomswingdance.com/,2026,1,2026-01,day,wsdc_calendar,,7538ee0bcb0744a297d2e71b
Paris Swing Classic,Paris Swing Classic,Paris Westie Fest,2026-01-23,2026-01-25,https://parisswingclassic.com,2026,1,2026-01,day,wsdc_calendar,,74d19ae1d5eafba58603acdd
Charlotte WestieFest,Charlotte WestieFest,Charlotte WestieFest,2026-01-29,2026-02-02,https://www.charlottewestiefest.com/,2026,2,2026-02|2026-01,day,wsdc_calendar,,6edbf8cf6a7d39e7ea710847
Swing & Snow,Swing & Snow,Swing & Snow,2026-02-05,2026-02-08,https://swingandsnow.ru/,2026,2,2026-02,day,wsdc_calendar,,dfe809060b4764d60697bcc4
Swingtzerland,Swingtzerland,Swingtzerland,2026-02-05,2026-02-08,https://swingtzerland.com/,2026,2,2026-02,day,wsdc_calendar,,bd7b3a4cc59339e49da91153
Waterloo Ontario Open West Coast Swing Championships,Waterloo Ontario Open West Coast Swing Championships,Waterloo Ontario Open West Coast Swing Championships,2026-02-05,2026-02-08,http://www.waterlooopenwcs.com,2026,2,2026-02,day,wsdc_calendar,,87e037f55908b7bff48a5808
Trinity Swing,Trinity Swing,Trinity Swing,2026-02-06,2026-02-08,http://Trinityswing.com,2026,2,2026-02,day,wsdc_calendar,,6cdf9cf2276cf47e99c112d1
WesterOz Swing,WesterOz Swing,WesterOz Swing,2026-02-06,2026-02-08,https://www.magneticdance.com.au/westeroz,2026,2,2026-02,day,wsdc_calendar,,3a526bbbd5aebfcb56097012
Capital Swing Convention,Capital Swing Convention,Capital Swing Dance Convention,2026-02-12,2026-02-15,https://www.capitalswingconvention.com/,2026,2,2026-02,day,wsdc_calendar,,a5beaae09ebb09f0edb5f55c
Prague Alchemy Swing,Prague Alchemy Swing,Prague Alchemy Swing,2026-02-13,2026-02-15,https://praguealchemyswing.cz/,2026,2,2026-02,day,wsdc_calendar,,eb8e76bbf4bdfcc42775fefc
Valentine Swing,Valentine Swing,Valentine Swing,2026-02-13,2026-02-15,http://valentineswing.dance,2026,2,2026-02,day,wsdc_calendar,,6a65a29d87459e1551149abb
Euro Dance Festival,Euro Dance Festival,Euro Dance Festival,2026-02-17,2026-02-21,https://www.euro-dance-festival.com,2026,2,2026-02,day,wsdc_calendar,,32d71c520a3dad3a960eb68c
Arousa Westie Fest,Arousa Westie Fest,Arousa Westie Fest,2026-02-19,2026-02-22,https://www.arousawestiefest.com,2026,2,2026-02,day,wsdc_calendar,,e3eaa4fec18cee34203b56fa
Swing Crush,Swing Crush,Swing Crush,2026-02-19,2026-02-23,https://swingcrush.com/,2026,2,2026-02,day,wsdc_calendar,,4a56c8671ddf23d4044297c3
Winter Coast Swing,Winter Coast Swing,Winter Coast Swing,2026-02-19,2026-02-22,http://www.wintercoastswing.com,2026,2,2026-02,day,wsdc_calendar,,9b4bfaefcd4b269c43d63aa8
Rose City Swing,Rose City Swing,Rose City Swing,2026-02-26,2026-03-01,https://rosecityswing.com,2026,3,2026-03|2026-02,day,wsdc_calendar,,d047d5803cdfe01646d5a845
Southern Lights Swing,Southern Lights Swing,Southern Lights Swing,2026-02-26,2026-03-02,http://www.southernlightsswing.com.au,2026,3,2026-03|2026-02,day,wsdc_calendar,,20b4d53ebd43fbf7531a4651
New York Flow Festival,New York Flow Festival,New York Flow Festival,2026-02-27,2026-03-01,https://www.flowfest.nyc,2026,3,2026-03|2026-02,day,wsdc_calendar,,d3f8b4c38a39b9772ff2c7af
MADjam (Mid Atlantic Dance Jam),MADjam (Mid Atlantic Dance Jam),MADjam,2026-03-05,2026-03-09,http://www.atlanticdancejam.com,2026,3,2026-03,day,wsdc_calendar,,f2395d70cde68ce6deeae092
High Desert Dance Classic,High Desert Dance Classic,High Desert Dance Classic,2026-03-06,2026-03-08,http://www.highdesertdanceclassic.com,2026,3,2026-03,day,wsdc_calendar,,a4ecad23f0fefba66e91e043
Swingvasion,Swingvasion,Swingvasion,2026-03-06,2026-03-08,http://Swingvasion.nz,2026,3,2026-03,day,wsdc_calendar,,229daae5b54edba0ebc0be9e
Westie Spring Thing,Westie Spring Thing,Westie Spring Thing,2026-03-11,2026-03-11,https://westiespringthing.com,2026,3,2026-03,day,wsdc_calendar,,65b2b4d602f4f6c7fbbf8912
All Star SwingJam,All Star SwingJam,All Star SwingJam,2026-03-12,2026-03-15,https://www.allstarswingjam.com/,2026,3,2026-03,day,wsdc_calendar,,881323a668405b009fbb6681
Dutch Open West Coast Swing,Dutch Open West Coast Swing,Dutch Open West Coast Swing,2026-03-12,2026-03-15,http://www.dutchopenwcs.com,2026,3,2026-03,day,wsdc_calendar,,f48642f39578653eddb4e7ab
West In Lyon,West In Lyon,West in Lyon,2026-03-12,2026-03-15,http://www.west-in-lyon.fr,2026,3,2026-03,day,wsdc_calendar,,58df44be02a74dbfb364fee6
Westie Spring Thing,Westie Spring Thing,Westie Spring Thing,2026-03-12,2026-03-15,https://westiespringthing.com,2026,3,2026-03,day,wsdc_calendar,,012c3e36c102a5c26d00036d
King Swing,King Swing,King Swing,2026-03-19,2026-03-23,http://kingswing.pl,2026,3,2026-03,day,wsdc_calendar,,8df6abbb7a51f8aea2f47710
The Chicago Classic,The Chicago Classic,The Chicago Classic,2026-03-19,,https://thechicagoclassic.com/,2026,3,2026-03,day_start_only,wsdc_calendar,invalid_end,f26ea82b3b8adacacfe47b9c
5280 Westival,5280 Westival,5280 Westival,2026-03-26,2026-03-30,https://www.5280westival.com,2026,3,2026-03,day,wsdc_calendar,,5976ec60358967b4e2bdbb70
H-Town Throw Down,H-Town Throw Down,Novice Invitational,2026-03-26,2026-03-29,http://htownthrowdownwcs.com,2026,3,2026-03,day,wsdc_calendar,,9f92418ed9f4abd2db86bd97
The Boston Tea Party,The Boston Tea Party,Boston Tea Party,2026-03-26,2026-03-30,http://teapartyswings.com,2026,3,2026-03,day,wsdc_calendar,,d16abd97724f1fb2f66d95c6
UK West Coast Swing Championships,UK West Coast Swing Championships,UK WCS Championships,2026-03-26,2026-03-30,https://www.ukwcschamps.com/,2026,3,2026-03,day,wsdc_calendar,,fa149888c50cccd53ec641d3
Easter Swing,Easter Swing 2026,Easter Swing,2026-04-02,2026-04-05,https://www.easterswing.org/,2026,4,2026-04,day,wsdc_calendar,,ea64465ad852e946a9b87154
Tulsa Spring Swing,Tulsa Spring Swing,Tulsa Spring Swing,2026-04-02,2026-04-05,http://www.TulsaSpringSwing.com,2026,4,2026-04,day,wsdc_calendar,,7cb7938ada357fa246fe620c
Calgary Dance Stampede,Calgary Dance Stampede,Calgary Dance Stampede,2026-04-09,2026-04-12,http://www.calgarydancestampede.com,2026,4,2026-04,day,wsdc_calendar,,4fbd3e7ba7f68d21e9cf8168
City of Angels WCS,City of Angels WCS,City of Angels WCS,2026-04-09,2026-04-12,http://cityofangelswcs.com,2026,4,2026-04,day,wsdc_calendar,,e3ca16627407079bb69e451f
Korean Open WCS Championships,Korean Open WCS Championships,Korean Open WCS Championships,2026-04-09,2026-04-12,https://www.kopenwcs.com,2026,4,2026-04,day,wsdc_calendar,,a4c2899cab150ebb154d4814
Swing In Capital,Swing In Capital,Swing In Capital,2026-04-09,2026-04-12,https://www.westcoastswingroma.it/swing-in-capital/,2026,4,2026-04,day,wsdc_calendar,,c038f9f9cdb297aa8027d81d
WESTY NANTES,WESTY NANTES,Westy Nantes,2026-04-10,2026-04-12,https://www.westynantes.com/,2026,4,2026-04,day,wsdc_calendar,,e709b5e501067b400de13ac1
Asia WCS Open XIII,Asia WCS Open XIII,Asia WCS Open XIII,2026-04-16,2026-04-19,https://www.asiawcsopen.com/,2026,4,2026-04,day,wsdc_calendar,,1af08bb6fa1819b9d6d8ade0
Swing in Bloom,Swing in Bloom,Swing in Bloom,2026-04-16,2026-04-19,http://www.swinginbloom.ca,2026,4,2026-04,day,wsdc_calendar,,01e4c28b33081ac2c11a57f7
Detonation Dance,Detonation Dance,Detonation Dance,2026-04-23,2026-04-26,http://www.DetonationDance.com,2026,4,2026-04,day,wsdc_calendar,,670ca1d087d119f6f457263b
HONEY FEST,HONEY FEST,HONEY FEST,2026-04-23,2026-04-26,https://t.me/honeyfest,2026,4,2026-04,day,wsdc_calendar,,d6b2c04813b83316c25c65c4
Slovenian Open,Slovenian Open,Slovenian Open,2026-04-23,2026-04-27,https://slovenianopen.dance/en,2026,4,2026-04,day,wsdc_calendar,,2d6f9bddf04a4c6a62eeca46
SwingIN Festival,SwingIN Festival,SwingIN Festival,2026-04-23,2026-04-26,http://www.swinginfestival.de,2026,4,2026-04,day,wsdc_calendar,,d9873a05f246ca17d824bd3c
Swingover,Swingover,Swingover,2026-04-23,2026-04-26,http://www.swingoverevent.com,2026,4,2026-04,day,wsdc_calendar,,4258b3cb0c08e743b1f8eace
Nordic WCS Championships,Nordic WCS Championships,Nordic WCS Championships,2026-04-30,2026-05-04,http://www.nordicwcschamps.com,2026,5,2026-05|2026-04,day,wsdc_calendar,,afa9c55db03c232c690cdffe
Spring Time Swing,Spring Time Swing,Spring Time Swing,2026-04-30,2026-05-04,https://springtimeswing.com/,2026,5,2026-05|2026-04,day,wsdc_calendar,,1a004a01f5e321d108f91c31
Swingin' Into Spring,Swingin' Into Spring,Swingin' Into Spring,2026-04-30,2026-05-03,http://www.sis.djkenm.com,2026,5,2026-05|2026-04,day,wsdc_calendar,,4c1ab8758fa888afa4fab381
BeeMAD,BeeMAD,BeeMAD,2026-05-01,2026-05-03,https://beemadwcs.com/,2026,5,2026-05,day,wsdc_calendar,,759be4c3ecb6b4c015cff548
Med in Swing,Med in Swing,Med in Swing,2026-05-07,2026-05-11,http://www.medinswing.rocks,2026,5,2026-05,day,wsdc_calendar,,1fb0cfc8d5e48bca8185e63b
SOM-Swing of Music,SOM-Swing of Music,SOM - Swing of Music,2026-05-07,2026-05-11,http://www.swingofmusic.com,2026,5,2026-05,day,wsdc_calendar,,bed8a3d5af173a8dd38b46b2
Westie Weekend,Westie Weekend,Dance Jam Jack & Jill Weekend,2026-05-08,2026-05-10,https://dancejamproductions.com/westieweekend/,2026,5,2026-05,day,wsdc_calendar,,9b72c449f6ba381d54a4da36
French Open WCS,French Open WCS,French Open West Coast Swing,2026-05-13,2026-05-18,http://www.fowcs.com,2026,5,2026-05,day,wsdc_calendar,,a2b952293afaa78f4d3e5c37
Gateway Swing Classic,Gateway Swing Classic,Gateway Swing Classic,2026-05-14,2026-05-17,http://gatewayswing.com,2026,5,2026-05,day,wsdc_calendar,,bee3599e057821610f6025c3
SOswing,SOswing,SOswing,2026-05-14,2026-05-17,https://www.soswingdance.com/,2026,5,2026-05,day,wsdc_calendar,,a749ba413dd6a34579d968e4
Canadian Swing Championships,Canadian Swing Championships,Canadian Swing Championships,2026-05-15,2026-05-18,https://www.canadianswingchampionships.com,2026,5,2026-05,day,wsdc_calendar,,1d50e040b097137b5b2273be
Swingsation,Swingsation 2026,Swingsation,2026-05-15,2026-05-18,https://rawconnection.com.au/swingsation/,2026,5,2026-05,day,wsdc_calendar,,f0b961c8c233d6ed3e2a5546
Texas Classic,Texas Classic,Texas Classic,2026-05-15,2026-05-16,http://Www.thetexasclassic.com,2026,5,2026-05,day,wsdc_calendar,,6c61ae996f240321384a9c1b
USA Grand National Dance Championships,USA Grand National Dance Championships,USA Grand Nationals,2026-05-21,2026-05-25,http://www.usagrandnationals.com,2026,5,2026-05,day,wsdc_calendar,,3edd82a18a11783145dfbcf9
Hungarian Open,Hungarian Open,Hungarian Open,2026-05-22,2026-05-24,http://wcs-ho.com,2026,5,2026-05,day,wsdc_calendar,,23994b92c254d6e2997003b6
Michigan Classic,Michigan Classic,Michigan Dance Classic,2026-05-28,2026-05-31,http://MichiganClassicSwing.com,2026,5,2026-05,day,wsdc_calendar,,237e295ad88bcc8152f66c13
Festival City Swing,Festival City Swing,Festival City Swing,2026-05-29,2026-06-01,http://www.fcswing.co.uk,2026,6,2026-06|2026-05,day,wsdc_calendar,,e7bdacffd5968eabd61af8d4
Nanaimo Dance Fusion,Nanaimo Dance Fusion,Nanaimo Dance Fusion,2026-05-29,2026-05-31,http://www.nanaimodancefusion.ca,2026,5,2026-05,day,wsdc_calendar,,26bdc30387cd2d73a5640bdf
Jack & Jill O'Rama,Jack & Jill O'Rama,Jack & Jill O'Rama,2026-06-04,2026-06-08,https://jackandjillorama.com/,2026,6,2026-06,day,wsdc_calendar,,b83fb7e44a2c289b4b51ef42
Orange Blossom Dance Festival,Orange Blossom Dance Festival,Orange Blossom Dance Festival,2026-06-04,2026-06-07,http://www.orangeblossomdance.net,2026,6,2026-06,day,wsdc_calendar,,f7401f4efa17fe51daae443c
Baltic Swing,Baltic Swing,Baltic Swing,2026-06-11,2026-06-15,http://www.balticswing.com,2026,6,2026-06,day,wsdc_calendar,,3baad3d89bcbadb7a1d39ad3
Dance N Play,Dance N Play (On Hiatus),Dance N Play,2026-06-18,2026-06-21,https://dancenplay.com/,2026,6,2026-06,day,wsdc_calendar,hiatus,f931682b18b046ab226942f4
Milan Swing Vibes,Milan Swing Vibes,Milan Swing Vibes,2026-06-18,2026-06-21,https://www.westcoastswingmilan.com/milanswingvibes/,2026,6,2026-06,day,wsdc_calendar,,c3091488ca1f76633db61d2f
D-Townswing,D-Townswing,D-Town Swing,2026-06-19,2026-06-21,http://www.d-townswing.com,2026,6,2026-06,day,wsdc_calendar,,4776de743b40dff244e23953
SWINGAPALOOZA,SWINGAPALOOZA,Swingapalooza,2026-06-19,2026-06-21,http://www.swingapaloozaevent.com,2026,6,2026-06,day,wsdc_calendar,,f0c87335fec3e92327f99dca
BaroqueSwing,BaroqueSwing,Barock Swing Ludwigsburg,2026-06-25,2026-06-28,https://baroqueswing.com,2026,6,2026-06,day,wsdc_calendar,,fbd321abcaa6e158438fcb62
Colorado Country Classic,Colorado Country Classic,Colorado Country Classic,2026-06-25,2026-06-28,https://coloradocountryclassic.net/,2026,6,2026-06,day,wsdc_calendar,,a196f56d82a8bb43a12d6aa4
Liberty Swing Dance Championships,Liberty Swing Dance Championships,Liberty Swing Dance Championships,2026-06-25,2026-06-28,http://www.libertyswing.com,2026,6,2026-06,day,wsdc_calendar,,57625adf022686024624614a
NeverlandSwing Dutch Swing Championships,NeverlandSwing Dutch Swing Championships 2026,Neverland Swing,2026-06-25,2026-06-29,http://www.neverlandswing.com,2026,6,2026-06,day,wsdc_calendar,,c914cb5b7177e133ea1c58ee
Swing Fiction,Swing Fiction,Swing Fiction,2026-06-26,2026-06-28,https://www.swingfiction.cz/,2026,6,2026-06,day,wsdc_calendar,,785324c885170457da3e02fe
Americano Dance Camp,Americano Dance Camp,Americano Dance Camp,2026-07-02,2026-07-06,https://t.me/americamodancecamp https://vk.com/americano2025,2026,7,2026-07,day,wsdc_calendar,,2978df331af9bc6c3ebcdac7
Phoenix 4th of July,Phoenix 4th of July,4TH of July Convention,2026-07-02,2026-07-05,http://phoenix4thofjuly.com,2026,7,2026-07,day,wsdc_calendar,,c846dca436f389925c16c4c4
SaunaSwing,SaunaSwing,SaunaSwing,2026-07-02,2026-07-04,https://ekarolas.com/saunaswing/,2026,7,2026-07,day,wsdc_calendar,,45d7f29ddd54f45e15c87fc1
Wild Wild Westie,Wild Wild Westie,Wild Wild Westie,2026-07-02,2026-07-05,https://www.wildwildwestie.com/,2026,7,2026-07,day,wsdc_calendar,,b0a65cf76243f7d555a790c0
French Connection WCS,French Connection WCS,FRENCH CONNECTION WCS,2026-07-03,2026-07-06,https://www.frenchconnectionwcs.com/,2026,7,2026-07,day,wsdc_calendar,,5aba6e3970517e1f980d242f
Big Apple Dance Festival,Big Apple Dance Festival,Big Apple Dance Festival,2026-07-09,2026-07-12,http://bigapplecountrydance.com,2026,7,2026-07,day,wsdc_calendar,,c5677b179dd84fe1019cf10b
Carolina Summer Swing,Carolina Summer Swing,Carolina Summer Swing,2026-07-09,2026-07-12,https://carolinasummerswing.com,2026,7,2026-07,day,wsdc_calendar,,2a7a58170bba6585132a258f
Mediterranean Open WCS,Mediterranean Open WCS,Mediterranean Open WCS,2026-07-09,2026-07-13,https://mediterraneanopenwcs.com/,2026,7,2026-07,day,wsdc_calendar,,588595447baed395803cca84
MY Swing,MY Swing 2026,MY Swing,2026-07-09,2026-07-12,https://www.myswingopen.com/,2026,7,2026-07,day,wsdc_calendar,,f22c53e23915f91eb798a46c
Toronto Open,Toronto Open (Hiatus),Toronto Open Swing & Hustle Championships,2026-07-09,2026-07-12,http://www.TOSHC.com,2026,7,2026-07,day,wsdc_calendar,hiatus,ffeea8f56e96c79d9c3fdc66
SwingLab Berlin,SwingLab Berlin,SwingLab Berlin,2026-07-10,2026-07-12,http://www.swinglab-berlin.com,2026,7,2026-07,day,wsdc_calendar,,997c2f681132abeb3b63670b
Midwest Westie Fest,Midwest Westie Fest 2026,Midwest Westie Fest,2026-07-16,2026-07-19,http://Www.midwestwestiefest.com,2026,7,2026-07,day,wsdc_calendar,,f986635199a9f3974e57d0d4
Revitalise WCS,Revitalise WCS,Revitalise WCS,2026-07-16,2026-07-19,https://revitalisewcs.melbourne/,2026,7,2026-07,day,wsdc_calendar,,e01d030ea579cc314f8ba1b8
Rock The Barn,Rock The Barn,Rock the Barn,2026-07-17,2026-07-19,https://rockthebarn.se/,2026,7,2026-07,day,wsdc_calendar,,8c2cc8f73c9484e4bb102f1b
St. Petersburg WCS Nights,St. Petersburg WCS Nights,St. Petersburg WCS Nights,2026-07-22,2026-07-26,http://wcsnights.ru,2026,7,2026-07,day,wsdc_calendar,,9d3c7d59ffbb7cfa3df90a3a
Florida Dance Magic,Florida Dance Magic,Florida Dance Magic,2026-07-23,2026-07-26,https://floridadancemagic.com,2026,7,2026-07,day,wsdc_calendar,,6dd8023a76290e04cf4643f9
Infinite Swing,Infinite Swing,Infinite Swing,2026-07-23,2026-07-26,http://infinite-swing.com,2026,7,2026-07,day,wsdc_calendar,,511b21f963803725c5cf227e
Sea Sun and Swing,Sea Sun and Swing,Sea Sun and Swing,2026-07-25,2026-08-01,http://www.seasunswing.fr,2026,8,2026-08|2026-07,day,wsdc_calendar,,89aa9e3a7652da962625e204
Lisbon Westie Fest,Lisbon Westie Fest,Lisbon Westie Fest,2026-07-30,2026-08-02,https://lisbonwestiefest.com/,2026,8,2026-08|2026-07,day,wsdc_calendar,,45971d139bb1fdbc112375d6
Warsaw Summer Nights Westival,Warsaw Summer Nights Westival,Warsaw Summer Nights Westival,2026-07-30,2026-08-02,https://www.summernightswestival.com,2026,8,2026-08|2026-07,day,wsdc_calendar,,5c7517cf7cbd14739f9f32d5
Arizona Dance Classic,Arizona Dance Classic,Arizona Dance Classic,2026-07-31,2026-08-02,https://arizonadanceclassic.com/,2026,8,2026-08|2026-07,day,wsdc_calendar,,53ee0fce64669be2c6b496b2
German Open WCS,German Open WCS,German Open WCS,2026-08-05,2026-08-09,http://www.go-wcs.com,2026,8,2026-08,day,wsdc_calendar,,c0d939ffeebc10d57a306022
New England Dance Festival,New England Dance Festival,New England Dance Festival,2026-08-06,2026-08-09,http://www.nedancefestival.com,2026,8,2026-08,day,wsdc_calendar,,795afa0f32c630ebf4cefdfe
Swing Fling,Swing Fling,Swing Fling,2026-08-06,2026-08-09,http://www.swingfling.com,2026,8,2026-08,day,wsdc_calendar,,f614ad6dbb7c54cb4e6d992a
Swingtacular: The Galactic Open,Swingtacular: The Galactic Open,Swingtacular: The Galactic Open,2026-08-06,2026-08-09,http://www.DanceGeekProductions.Art,2026,8,2026-08,day,wsdc_calendar,,1454d5792be65f4630422699
Grand Party Sofia (GPS),Grand Party Sofia (GPS),Grand Party Sofia,2026-08-14,2026-08-17,https://wcs-gps.com/,2026,8,2026-08,day,wsdc_calendar,,082f42a7e47044412f8f7362
UpTown Swing,UpTown Swing,UpTown Swing,2026-08-14,2026-08-17,http://www.uptownswing.se,2026,8,2026-08,day,wsdc_calendar,,5bc8004ec3ef52e3227c452b
Shakedown Swing,Shakedown Swing,Shakedown Swing,2026-08-20,2026-08-23,http://www.code03swing.com/shakedown,2026,8,2026-08,day,wsdc_calendar,,646321624c37f590d56e85aa
Summer Hummer,Summer Hummer,Summer Hummer,2026-08-20,2026-08-23,http://Summerhummerboston.com,2026,8,2026-08,day,wsdc_calendar,,72481c1fcb3d03e9e2a2b6e5
Swing Creation Hamburg,Swing Creation Hamburg,Swing Creation Hamburg,2026-08-20,2026-08-23,http://hamburgswing.dance,2026,8,2026-08,day,wsdc_calendar,,3957a219c71bf0e9eeea75bc
The Bend Connection,The Bend Connection,The Bend Connection,2026-08-20,2026-08-23,http://thebendconnection.com,2026,8,2026-08,day,wsdc_calendar,,f3bb0061917b5b97537a937a
Chicagoland Country and Swing Dance Festival,Chicagoland Country and Swing Dance Festival,Chicagoland Country and Swing Dance Festival,2026-08-21,2026-08-23,http://www.chicagolanddancefestival.com,2026,8,2026-08,day,wsdc_calendar,,60ba1b6056cb977623ec8064
Manneken Swing,Manneken Swing,Manneken Swing,2026-08-21,2026-08-23,https://www.mannekenswing.com,2026,8,2026-08,day,wsdc_calendar,,d6da1946dde9d4d6a0dd88d5
Westie Joy,Westie Joy,Westie Joy,2026-08-21,2026-08-23,https://www.westiejoy.com/,2026,8,2026-08,day,wsdc_calendar,,dd68305c3ac38eadb87a5a5a
Desert City Swing,Desert City Swing,Desert City Swing,2026-08-27,2026-08-30,http://www.desertcityswing.com,2026,8,2026-08,day,wsdc_calendar,,3c0023dca48b84525b39af78
Rolling Swing,Rolling Swing,Rolling Swing,2026-08-27,2026-08-31,http://www.frenchywesty.com,2026,8,2026-08,day,wsdc_calendar,,0c9f27d896a78942522a77dc
Bristol Swing Fiesta,Bristol Swing Fiesta,Bristol Swing Fiesta,2026-08-28,2026-08-30,https://www.bristolcityswing.com/bsf,2026,8,2026-08,day,wsdc_calendar,,6e75503f5c7e438cf016399c
Korea Westival,Korea Westival,Korea Westival,2026-09-03,2026-09-06,http://koreawestival.com,2026,9,2026-09,day,wsdc_calendar,,fcb94a4342efedf86c0f9a4c
South Bay Dance Fling,South Bay Dance Fling,South Bay Dance Fling,2026-09-03,2026-09-07,https://sbdf.dance/,2026,9,2026-09,day,wsdc_calendar,,817d46b7445e6cc97c4c9dc5
Jax Westie Fest,Jax Westie Fest,River City Swing,2026-09-04,2026-09-07,http://www.jaxwestiefest.com,2026,9,2026-09,day,wsdc_calendar,,83d85055ab0a9ddcf83a4e0a
Bavarian Open West Coast Swing Championships,Bavarian Open West Coast Swing Championships,Bavarian Open,2026-09-10,2026-09-14,https://bavarianopen.com,2026,9,2026-09,day,wsdc_calendar,,59e55b8dbf3b1581e88fd4b7
SwingTime Denver,SwingTime Denver,SwingTime Denver,2026-09-10,2026-09-13,http://www.swingtimewcs.com,2026,9,2026-09,day,wsdc_calendar,,2af17daff7234bfc1226e5f5
Trilogy Swing,Trilogy Swing,Trilogy Swing,2026-09-10,2026-09-13,https://trilogywcs.com/,2026,9,2026-09,day,wsdc_calendar,,ab0c1d2ca2096352d46ad7c5
Sea Dance Fest,Sea Dance Fest,Sea Dance Fest,2026-09-11,2026-09-13,,2026,9,2026-09,day,wsdc_calendar,,29ceeabf1e9b32ae823c5ac6
Sea Dance Fest,Sea Dance Fest,Sea Dance Fest,2026-09-11,2026-09-13,https://vk.com/seadancefest,2026,9,2026-09,day,wsdc_calendar,,e7937302604f06572512a5aa
Retaliation Swing,Retaliation Swing,Retaliation Swing,2026-09-17,2026-09-20,https://www.retaliationswing.com,2026,9,2026-09,day,wsdc_calendar,,808314a1766a25ce99e6a96a
WCS Party in Vienna,WCS Party in Vienna,WCS Party,2026-09-17,2026-09-21,https://www.wcsparty.com/,2026,9,2026-09,day,wsdc_calendar,,425189a64da40adad2681b07
Austin Rocks,Austin Rocks,Austin Rocks,2026-09-18,2026-09-20,https://atxrox.com/,2026,9,2026-09,day,wsdc_calendar,,2c4985b806ac7747771376a4
Finnfest,Finnfest,Finnfest,2026-09-18,2026-09-21,http://www.finnfest.fi,2026,9,2026-09,day,wsdc_calendar,,b867f95f3c7c6ab3172a3831
Global Grand Prix -- West Coast Swing Championships,Global Grand Prix -- West Coast Swing Championships,Global Grand Prix -- West Coast Swing Championships,2026-09-18,2026-09-21,https://www.globalgrandprixwcs.com/,2026,9,2026-09,day,wsdc_calendar,,65a31d4fdddb0948b8aa5db3
The Aloha Open,The Aloha Open,The Aloha Open,2026-09-23,2026-09-27,http://www.alohaopenwcs.com,2026,9,2026-09,day,wsdc_calendar,,0a8fc0e18bc2cd5e937a906d
Best of the Best WCS,Best of the Best WCS,Best of the Best WCS,2026-09-24,2026-09-27,https://www.bestofthebestwcs.com/,2026,9,2026-09,day,wsdc_calendar,,78295b5aab544e501c464780
Calgary Town Open,Calgary Town Open,Calgary Town Open,2026-09-24,2026-09-27,https://ctodance.ca,2026,9,2026-09,day,wsdc_calendar,,add005889e519f9bc6ddf94a
Meet Me In St Louis,Meet Me In St Louis,Meet Me In St Louis,2026-09-24,2026-09-28,http://Www.mmisl.com,2026,9,2026-09,day,wsdc_calendar,,147cad01c9a6aee60b134f2c
Midland Swing Open,Midland Swing Open,Midland Swing Open,2026-09-24,2026-09-28,http://www.MidlandSwingOpen.com,2026,9,2026-09,day,wsdc_calendar,,6e214887a8af8ea8b0d2534e
Mooseland Swing,Mooseland Swing 2026,Mooseland Swing,2026-09-24,2026-09-28,https://mooselandswing.com/,2026,9,2026-09,day,wsdc_calendar,,33c49f10e0fa752d3de8b00b
Philly Swing Classic,Philly Swing Classic,Philly Swing Classic,2026-09-25,2026-09-27,https://phillyswing.com/,2026,9,2026-09,day,wsdc_calendar,,fbea6c0445da8892648509a9
Atlanta Swing Classic,Atlanta Swing Classic,Atlanta Swing Classic,2026-10-01,2026-10-04,https://www.atlantaswingclassic.com/,2026,10,2026-10,day,wsdc_calendar,,59e7e956ef53f4dc4eeca27a
Norwegian Open WCS,Norwegian Open WCS,Norwegian Open WCS,2026-10-01,2026-10-04,https://norwegianopen.no/,2026,10,2026-10,day,wsdc_calendar,,cfb58853d68c552a8f01e344
RiverSwingNights,RiverSwingNights,RiverSwingNights,2026-10-01,2026-10-05,http://www.riverswingnights.com,2026,10,2026-10,day,wsdc_calendar,,da88db1ce065fee87033e912
Westie Harbor,Westie Harbor,Westie Harbor,2026-10-01,2026-10-05,http://www.westieharbor.com,2026,10,2026-10,day,wsdc_calendar,,8d1dae25426572b4b2669238
Autumn Beat,Autumn Beat,Autumn Beat,2026-10-02,2026-10-05,https://autumnbeat.lv/,2026,10,2026-10,day,wsdc_calendar,,732cfbaf65ca9c78c71e796b
Boogie By The Bay,Boogie By The Bay,Boogie By The Bay,2026-10-08,2026-10-12,https://boogiebythebay.com,2026,10,2026-10,day,wsdc_calendar,,fba93e3875ae13599366b4aa
Montreal Westie Fest,Montreal Westie Fest,Montreal Westie Fest,2026-10-09,2026-10-11,http://montrealwestiefest.com,2026,10,2026-10,day,wsdc_calendar,,f50a6312b7f4823c07af0617
Milan Modern Swing,Milan Modern Swing,Milan Modern Swing,2026-10-15,2026-10-18,https://www.westcoastswingmilan.com/,2026,10,2026-10,day,wsdc_calendar,,c14fabb534dd47417aa878eb
Paradise dance Festival,Paradise dance Festival,Paradise Dance Festival,2026-10-15,2026-10-18,https://paradisecountrydancefestival.com/,2026,10,2026-10,day,wsdc_calendar,,109862c6a04aadfe8cebcdba
The New Zealand West Coast Swing Open,The New Zealand West Coast Swing Open,New Zealand Open Swing Dance Championships,2026-10-15,2026-10-18,https://www.streetswing.co.nz/the-new-zealand-open,2026,10,2026-10,day,wsdc_calendar,,115e48131a7d9cc962d95d0d
WCS Festival,WCS Festival,WCS Festival,2026-10-15,2026-10-17,http://www.wcsfestival.com,2026,10,2026-10,day,wsdc_calendar,,3cc38a85b16b4016c389a952
Swustlicious,Swustlicious,Swustlicious,2026-10-16,2026-10-18,http://www.swustlicious.com,2026,10,2026-10,day,wsdc_calendar,,5fd0811df39b6befac05a033
WCS Festival,WCS Festival,WCS Festival,2026-10-16,2026-10-18,http://www.wcsfestival.com,2026,10,2026-10,day,wsdc_calendar,,1b6e9eab386ddd5f245628a4
Augsburg Westie Station,Augsburg Westie Station,Augsburg Westie Station,2026-10-22,2026-10-25,https://www.augsburgwestiestation.com/,2026,10,2026-10,day,wsdc_calendar,,b677c51d58a48bb0dafb12c6
Halloween SwingThing,Halloween SwingThing,Halloween SwingThing,2026-10-22,2026-10-25,http://Hstswing.com,2026,10,2026-10,day,wsdc_calendar,,0dae37e4b2e9e5c60a3ffd87
SASS- Spooky Albany Swing Spectacular,SASS- Spooky Albany Swing Spectacular,SASS- Spooky Albany Swing Spectacular,2026-10-22,2026-10-25,http://www.spookyalbanyswing.com,2026,10,2026-10,day,wsdc_calendar,,c19a0c0b39051a0a674cd4df
Swing City Chicago,Swing City Chicago,Swing City Chicago,2026-10-22,2026-10-25,https://swingcitychicago.com,2026,10,2026-10,day,wsdc_calendar,,4e3a3aefb59eb188b5826016
Swingside Invitational,Swingside Invitational,Swingside Invitational,2026-10-22,2026-10-24,http://www.swingside-invitational.com,2026,10,2026-10,day,wsdc_calendar,,0a34dbf37538b2155c2a5fc2
Swingside Invitational,Swingside Invitational,Swingside Invitational,2026-10-23,2026-10-25,https://www.swingside-invitational.com,2026,10,2026-10,day,wsdc_calendar,,9ee0dd84cb9512c11ab44bf5
"Scandinavian Open WCS ""SNOW""","Scandinavian Open WCS ""SNOW""",Scandinavian Open,2026-10-28,2026-11-02,http://www.snowcs.se,2026,11,2026-11|2026-10,day,wsdc_calendar,,b3f14e09dd2097b15eeb2515
Spooky Westie Weekend,Spooky Westie Weekend,Spooky Westie Weekend,2026-10-29,2026-11-01,https://spookywestieweekend.com/,2026,11,2026-11|2026-10,day,wsdc_calendar,,2d52dfcc0e676c47d89ab1d3
Warsaw Halloween Swing,Warsaw Halloween Swing,Warsaw Halloween Swing,2026-10-29,2026-11-02,http://www.warsawhalloweenswing.com,2026,11,2026-11|2026-10,day,wsdc_calendar,,359c690048b2bb2978c21856
Mountain Magic Dance Convention,Mountain Magic Dance Convention,Mountain Magic Dance Convention,2026-11-05,2026-11-08,http://mountainmagic.dance,2026,11,2026-11,day,wsdc_calendar,,5df815d9ce1315224c001f44
Sea to Sky Seattle,Sea to Sky Seattle,Sea to Sky Seattle,2026-11-05,,http://Seatoskywcs.com,2026,11,2026-11,day_start_only,wsdc_calendar,invalid_end,267c5c38307061d765d6841c
Simply Adelaide West Coast Swing,Simply Adelaide West Coast Swing,Simply Adelaide West Coast Swing,2026-11-05,2026-11-08,http://www.simplyadelaidewcs.com.au,2026,11,2026-11,day,wsdc_calendar,,64b9c744f6990fa57a068af9
Tampa Bay Classic,Tampa Bay Classic,Tampa Bay Classic,2026-11-05,2026-11-08,http://www.tbcwcs.com,2026,11,2026-11,day,wsdc_calendar,,37aebccd498ff0cc883b0d0a
Moscow Westie Fest Gala Edition,Moscow Westie Fest Gala Edition,Moscow Westie Fest,2026-11-06,2026-11-08,http://westiefest.org/,2026,11,2026-11,day,wsdc_calendar,,2a18c1f364a291f4f9928bac
Westie Pink City,Westie Pink City,Westie Pink City,2026-11-06,2026-11-08,http://www.westiepinkcity.fr,2026,11,2026-11,day,wsdc_calendar,,aa5efa615829cdccc05f424d
Midnight Madness WCS,Midnight Madness WCS 2026,Midnight Madness,2026-11-12,2026-11-15,http://www.MidnightMadnessWCS.com,2026,11,2026-11,day,wsdc_calendar,,6c7a6245c6d0bdba6e3ca39d
Northeast Swing Classic,Northeast Swing Classic,Northeast Swing Classic,2026-11-12,2026-11-15,http://www.northeastswingclassic.com,2026,11,2026-11,day,wsdc_calendar,,6d27462b10b73cc31af716da
Westie's Angels,Westie's Angels,Westie's Angels,2026-11-12,2026-11-15,http://www.frenchywesty.com,2026,11,2026-11,day,wsdc_calendar,,2cc789834be3ba9d6f496f75
Autumn Swing Challenge,Autumn Swing Challenge,Autumn Swing Challenge,2026-11-13,2026-11-15,http://www.asc-budapest.com,2026,11,2026-11,day,wsdc_calendar,,9f3381c9ca7f0829dbd6b7a5
Flowstate | West Coast Swing & Zouk Festival,Flowstate | West Coast Swing & Zouk Festival,Flowstate | West Coast Swing & Zouk Festival,2026-11-13,2026-11-15,http://www.Flowstatefest.com,2026,11,2026-11,day,wsdc_calendar,,46ccc909e1caf0069aee734a
DC Swing eXperience (DCSX),DC Swing eXperience (DCSX),DC Swing eXperience (DCSX),2026-11-19,2026-11-22,http://www.dcswingexperience.com,2026,11,2026-11,day,wsdc_calendar,,d77c34c437ac161c6918fbf4
Rocket City Swing,Rocket City Swing,Westies on the Water,2026-11-19,2026-11-22,http://rocketcityswing.com,2026,11,2026-11,day,wsdc_calendar,,6e93d1b373c17f8d46b48af3
The Open Swing Dance Championships,The Open Swing Dance  Championships,US Open Swing Dance Championships,2026-11-25,2026-11-29,http://www.theopenswing.com,2026,11,2026-11,day,wsdc_calendar,,7e1806f78d93719855097003
CASH Bash,CASH Bash,CASH Bash,2026-11-26,2026-11-29,https://cashdanceclub.org/cash-bash/,2026,11,2026-11,day,wsdc_calendar,,39721cb14cb1a28b0cb9930a
The After Party aka TAP,The After Party aka TAP,The After Party aka TAP,2026-12-03,2026-12-07,http://www.tapwcs.com,2026,12,2026-12,day,wsdc_calendar,,97eb135e127073c6daee3b12
Winter White,Winter White,Winter White,2026-12-03,2026-12-06,http://www.winterwhite.no,2026,12,2026-12,day,wsdc_calendar,,0d4c58ceaf835baa2113f218
Berlin Swing Revolution,Berlin Swing Revolution,Berlin Swing Revolution,2026-12-10,2026-12-13,https://berlinswingrevolution.com,2026,12,2026-12,day,wsdc_calendar,,f834b6a8821e2000d3f24be0
Santa Swing,Santa Swing,Santa Swing,2026-12-10,2026-12-14,https://www.santaswing.pl/,2026,12,2026-12,day,wsdc_calendar,,49309596f969680bb9de4375
Soul Flow - West Coast Swing Festival,Soul Flow - West Coast Swing Festival (Hiatus -- 2026),Soul Flow - West Coast Swing Festival,2026-12-11,2026-12-13,https://www.globalgrandprixwcs.com/,2026,12,2026-12,day,wsdc_calendar,hiatus,194c3a0f6c4559a81e3ca255
Swiss Open WCS,Swiss Open WCS,Swiss Open WCS,2026-12-18,2026-12-20,http://www.swissopenwcs.ch,2026,12,2026-12,day,wsdc_calendar,,6d1bab0e81ea38724df4d1e7
UCWDC Country Dance World Championships,UCWDC Country Dance World Championships,UCWDC Country Dance World Championship,2026-12-28,2027-01-03,http://www.ucwdcworlds.com,2027,1,2027-01|2026-12,day,wsdc_calendar,,9a31883cf60e263f75d348e9
Floorplay Swing Vacation,Floorplay Swing Vacation,Floorplay Swing Vacation,2026-12-30,2027-01-03,http://www.floorplayswingvacation.com,2027,1,2027-01|2026-12,day,wsdc_calendar,,3d1a373a646fd7a9259aa177
New Years Swing Fling,New Years Swing Fling,New Years Swing Fling,2026-12-30,2027-01-03,http://nysf.uk,2027,1,2027-01|2026-12,day,wsdc_calendar,,806db9430ca1669dbdd1db68
Spotlight New Year's Celebration,Spotlight New Year's Celebration,Spotlight New Year's Celebration,2026-12-30,2027-01-03,http://www.spotlightnewyears.com,2027,1,2027-01|2026-12,day,wsdc_calendar,,265041bf8f9831e810135cfd
SwingVester,SwingVester,SwingVester,2026-12-30,,https://www.swingvester.com/,2027,1,2027-01|2026-12,day_start_only,wsdc_calendar,invalid_end,d8a575f459c377efad9e5a4b
Countdown Swing Boston,Countdown Swing Boston,Countdown Swing Boston,2026-12-31,2027-01-03,http://Countdownswingboston.com,2027,1,2027-01|2026-12,day,wsdc_calendar,,b67285afe74986042474995d
Westie Gala,Westie Gala,Westie Gala,2026-12-31,2027-01-04,http://www.westiegala.com,2027,1,2027-01|2026-12,day,wsdc_calendar,,1fb9bccd04bd5603050fff13
BudaFest Open WCS Championships,BudaFest Open WCS Championships,BudaFest Open WCS Championships,2027-01-05,2027-01-10,http://wcs-budafest.com,2027,1,2027-01,day,wsdc_calendar,,f0ac9f7662095c059e33b588
SwingCo,SwingCo,SwingCo,2027-01-07,2027-01-11,https://swingco.dance/,2027,1,2027-01,day,wsdc_calendar,,8e9d2f0dbe5d184365b8112e
Austin Swing Dance Championships,Austin Swing Dance Championships,Austin Swing Dance Championships,2027-01-14,2027-01-17,https://austinswingdance.com,2027,1,2027-01,day,wsdc_calendar,,02fe2e08635061dd65b6643b
Cologne Calling WCS,Cologne Calling WCS,Cologne Calling WCS,2027-01-14,2027-01-17,https://colognecallingwcs.com,2027,1,2027-01,day,wsdc_calendar,,adf527827352752eb5e8d2d7
Avignon City Swing,Avignon City Swing,Avignon City Swing,2027-01-15,2027-01-17,https://www.avignoncityswing.com/,2027,1,2027-01,day,wsdc_calendar,,e1d9833f24ce487d85fdd220
Monterey Swing Fest,Monterey Swing Fest,Monterey SwingFest,2027-01-15,2027-01-17,http://www.montereyswing.com,2027,1,2027-01,day,wsdc_calendar,,4e8f029ff9764913b91ef381
Derby City Swing,Derby City Swing,Derby City Swing,2027-01-21,2027-01-24,https://derbycityswing.com/,2027,1,2027-01,day,wsdc_calendar,,fd4820df09caec60306ecb5c
SWING RESOLUTION,SWING RESOLUTION,SWING RESOLUTION,2027-01-21,2027-01-25,http://www.swingresolution.com,2027,1,2027-01,day,wsdc_calendar,,348e923e061ad80ae931705c
Freedom Swing Dance Challenge,Freedom Swing Dance Challenge,Freedom Swing Dance Challenge,2027-01-22,2027-01-24,https://freedomswingdance.com/,2027,1,2027-01,day,wsdc_calendar,,885bf306df9d2904e6719f8b
Swing In Paris,Swing In Paris,Swing In Paris,2027-01-22,2027-01-25,http://swing-in-paris.com,2027,1,2027-01,day,wsdc_calendar,,85b951311b00be3a4ee3d5ae
ULTRA Westie Fest,ULTRA Westie Fest,ULTRA Westie Fest,2027-01-29,2027-01-31,http://www.ultrawestiefest.com,2027,1,2027-01,day,wsdc_calendar,,818eabcda7891c0954bc3bfe
Charlotte WestieFest,Charlotte WestieFest,Charlotte WestieFest,2027-02-04,2027-02-07,https://charlottewestiefest.com/,2027,2,2027-02,day,wsdc_calendar,,456e9587ab408a61ee8fb8dd
Swing & Snow,Swing & Snow,Swing & Snow,2027-02-04,2027-02-07,http://swingandsnow.ru,2027,2,2027-02,day,wsdc_calendar,,d7984f99b7b4eb2801ee886d
Swingtzerland,Swingtzerland,Swingtzerland,2027-02-04,2027-02-07,https://swingtzerland.com/,2027,2,2027-02,day,wsdc_calendar,,a62ad73a60b0e6e6f9fa2e10
Waterloo Ontario Open West Coast Swing Championships,Waterloo Ontario Open West Coast Swing Championships,Waterloo Ontario Open West Coast Swing Championships,2027-02-04,2027-02-07,http://www.waterlooopenwcs.com,2027,2,2027-02,day,wsdc_calendar,,94dd6b167f835a486ea3ebec
Trinity Swing,Trinity Swing,Trinity Swing,2027-02-05,2027-02-07,http://www.Trinityswing.com,2027,2,2027-02,day,wsdc_calendar,,1150c8d16a7c652d14f37329
Euro Dance Festival,Euro Dance Festival,Euro Dance Festival,2027-02-09,2027-02-14,https://www.euro-dance-festival.com,2027,2,2027-02,day,wsdc_calendar,,a4f568d45ef14d2c739e3f69
Capital Swing Convention,Capital Swing Convention,Capital Swing Dance Convention,2027-02-11,2027-02-14,http://www.capitalswingconvention.com,2027,2,2027-02,day,wsdc_calendar,,acbb3f4971f5ed55a4699a8c
Arousa Westie Fest,Arousa Westie Fest,Arousa Westie Fest,2027-02-18,2027-02-21,https://www.arousawestiefest.com,2027,2,2027-02,day,wsdc_calendar,,a6cf29c8f6b7b6f1bd2801ec
Swing Crush,Swing Crush,Swing Crush,2027-02-18,2027-02-22,https://swingcrush.com/,2027,2,2027-02,day,wsdc_calendar,,00ed3769889c16f69af8e633
Prague Alchemy Swing,Prague Alchemy Swing,Prague Alchemy Swing,2027-02-19,2027-02-21,https://praguealchemyswing.cz/,2027,2,2027-02,day,wsdc_calendar,,c49284ca484a8983ae077ae6
Valentine Swing,Valentine Swing,Valentine Swing,2027-02-19,2027-02-22,http://www.valentineswing.dance,2027,2,2027-02,day,wsdc_calendar,,b38034eb233fca768a67e52d
Paris Swing Classic,Paris Swing Classic,Paris Westie Fest,2027-02-25,2027-03-01,http://Https://parisswingclassic.com,2027,3,2027-03|2027-02,day,wsdc_calendar,,3760aeff8a051bdb04ac6337
Rose City Swing,Rose City Swing,Rose City Swing,2027-02-25,2027-02-28,https://rosecityswing.com,2027,2,2027-02,day,wsdc_calendar,,4f69295ab8d7604e6cf80d04
Southern Lights Swing,Southern Lights Swing,Southern Lights Swing,2027-02-25,2027-02-28,http://www.southernlightsswing.com.au,2027,2,2027-02,day,wsdc_calendar,,0c198929a933851cbd90fd14
Winter Coast Swing,Winter Coast Swing,Winter Coast Swing,2027-02-25,2027-02-28,https://www.wintercoastswing.com,2027,2,2027-02,day,wsdc_calendar,,7b3d6fff92c0354d3876aa80
New York Flow Festival,New York Flow Festival,New York Flow Festival,2027-02-26,,https://www.flowfest.nyc,2027,2,2027-02,day_start_only,wsdc_calendar,invalid_end,46bf56ad183180f8570e88f4
MADjam (Mid Atlantic Dance Jam),MADjam (Mid Atlantic Dance Jam),MADjam,2027-03-04,2027-03-08,http://www.atlanticdancejam.com,2027,3,2027-03,day,wsdc_calendar,,1373dc45d44794e1f62c553f
Norway Westie Fest,Norway Westie Fest,Norway Westie Fest,2027-03-05,2027-03-08,https://www.norwaywestiefest.com/,2027,3,2027-03,day,wsdc_calendar,,025937ca39e86c62d3fb8333
Swingvasion,Swingvasion,Swingvasion,2027-03-05,2027-03-07,https://swingvasion.nz/,2027,3,2027-03,day,wsdc_calendar,,97caf01900cc44471500cc66
5280 Westival,5280 Westival,5280 Westival,2027-03-11,2027-03-15,http://www.5280westival.com,2027,3,2027-03,day,wsdc_calendar,,d2605cdb9c5528d401dfc5f0
Dutch Open Wcs,Dutch Open Wcs,Dutch Open Wcs,2027-03-11,2027-03-14,http://www.dutchopenwcs.com,2027,3,2027-03,day,wsdc_calendar,,ac9861f3c21a0de7441dda4e
H-Town Throw Down,H-Town Throw Down 2027,Novice Invitational,2027-03-11,2027-03-14,http://www.htownthrowdownwcs.com,2027,3,2027-03,day,wsdc_calendar,,5cb418e1cefe86f59aa9c02c
Westie Spring Thing,Westie Spring Thing,Westie Spring Thing,2027-03-11,2027-03-14,https://westiespringthing.com,2027,3,2027-03,day,wsdc_calendar,,cbc982b65580c7c59ae375fc
High Desert Dance Classic,High Desert Dance Classic,High Desert Dance Classic,2027-03-12,2027-03-14,http://www.highdesertdanceclassic.com,2027,3,2027-03,day,wsdc_calendar,,22c83f815d1f7c50990efe55
King Swing,King Swing,King Swing,2027-03-18,2027-03-22,https://kingswing.pl,2027,3,2027-03,day,wsdc_calendar,,16342930deeee3448a06aa86
The Chicago Classic,The Chicago Classic,The Chicago Classic,2027-03-18,2027-03-21,https://thechicagoclassic.com/,2027,3,2027-03,day,wsdc_calendar,,ef86cc2d04c4085fa11b168a
West In Lyon,West In Lyon,West in Lyon,2027-03-18,2027-03-22,http://www.west-in-lyon.fr,2027,3,2027-03,day,wsdc_calendar,,cc64d82b7e7b5bc97ab01192
The Boston Tea Party,The Boston Tea Party,Boston Tea Party,2027-03-19,2027-03-22,http://teapartyswings.com,2027,3,2027-03,day,wsdc_calendar,,c0545522b66295dbe663f22b
Easter Swing,Easter Swing,Easter Swing,2027-03-25,2027-03-28,https://easterswing.org/,2027,3,2027-03,day,wsdc_calendar,,aa533072fad248f8c14e2bfa
TULSA SPRING SWING,TULSA SPRING SWING,TULSA SPRING SWING,2027-03-25,2027-03-28,http://www.TulsaSpringSwing.com,2027,3,2027-03,day,wsdc_calendar,,242d95ad21d0060d7ca2609a
UK West Coast Swing Championships,UK West Coast Swing Championships,UK WCS Championships,2027-03-25,2027-03-29,http://www.ukwcschamps.com,2027,3,2027-03,day,wsdc_calendar,,29a5754366eff0b24ddda947
Franconian Swing Project,Franconian Swing Project,Franconian Swing Project,2027-04-08,2027-04-11,https://franconian-swing-project.de,2027,4,2027-04,day,wsdc_calendar,,f0946489d01ea007f2e64d27
KOREAN OPEN WCS CHAMPIONSHIPS,KOREAN OPEN WCS CHAMPIONSHIPS,KOREAN OPEN WCS CHAMPIONSHIPS,2027-04-08,2027-04-11,https://www.kopenwcs.com,2027,4,2027-04,day,wsdc_calendar,,4387e59e411ddba91259cfa1
Slovenian Open,Slovenian Open,Slovenian Open,2027-04-14,2027-04-19,https://slovenianopen.dance/,2027,4,2027-04,day,wsdc_calendar,,57fd268088f41cacf7ecb9a8
Asia WCS Open,Asia WCS Open 2027,Asia West Coast Swing Open,2027-04-15,2027-04-18,https://asiawcsopen.com/,2027,4,2027-04,day,wsdc_calendar,,9eb4e92c441cadd7a288df00
WESTY NANTES,WESTY NANTES,Westy Nantes,2027-04-16,2027-04-18,https://www.westynantes.com/,2027,4,2027-04,day,wsdc_calendar,,12dd04939cc7c2cf4c940810
Detonation Dance,Detonation Dance,Detonation Dance,2027-04-22,2027-04-26,http://www.DetonationDance.com,2027,4,2027-04,day,wsdc_calendar,,177ab9b6fc92e510ecae6a30
HONEY FEST,HONEY FEST,HONEY FEST,2027-04-22,2027-04-25,https://t.me/honeyfest,2027,4,2027-04,day,wsdc_calendar,,ee85219d85cfa5e99b61ddc5
Swing in Bloom,Swing in Bloom,Swing in Bloom,2027-04-22,2027-04-25,http://www.swinginbloom.ca,2027,4,2027-04,day,wsdc_calendar,,2b18442eca2b6a3d1356183f
SwingIn Festival,SwingIn Festival,SwingIn Festival,2027-04-22,2027-04-25,http://www.swinginfestival.de,2027,4,2027-04,day,wsdc_calendar,,ed28cf4dab1b3dfc9b062ec2
Swingover,Swingover 2027,Swingover,2027-04-22,2027-04-25,http://swingoverevent.com,2027,4,2027-04,day,wsdc_calendar,,6c46998cf8a8dec506bd7952
SGI - Swing de Garotos Invitational,SGI - Swing de Garotos Invitational,SGI - Swing de Garotos Invitational,2027-04-23,2027-04-25,https://sginvitational.com.br/,2027,4,2027-04,day,wsdc_calendar,,88ce00726072a81eb1b67d11
BeeMAD,BeeMAD,BeeMAD,2027-04-29,2027-05-02,https://beemadwcs.com/,2027,5,2027-05|2027-04,day,wsdc_calendar,,d1667c2ae99fb9bc30249db0
Calgary Dance Stampede,Calgary Dance Stampede,Calgary Dance Stampede,2027-04-29,2027-05-02,http://www.calgarydancestampede.com,2027,5,2027-05|2027-04,day,wsdc_calendar,,f0e8aab92071237f14b7b6cc
City of Angels WCS,City of Angels WCS,City of Angels WCS,2027-04-29,2027-05-02,https://cityofangelswcs.com/,2027,5,2027-05|2027-04,day,wsdc_calendar,,dbfc1fe3a5123bc308791fa9
Swingin' Into Spring,Swingin' Into Spring,Swingin' Into Spring,2027-04-29,2027-05-02,http://www.sis.djkenm.com,2027,5,2027-05|2027-04,day,wsdc_calendar,,1cd8866ac523c42ccdc69640
Westie Weekend,Westie Weekend,Dance Jam Jack & Jill Weekend,2027-05-07,2027-05-09,https://dancejamproductions.com/westieweekend/,2027,5,2027-05,day,wsdc_calendar,,42e5533ac3e6733ad67540c9
SOswing,SOswing,SOswing,2027-05-13,2027-05-16,http://wwww.soswingdance.com,2027,5,2027-05,day,wsdc_calendar,,dec2d01cf6c276393794e498
Swingsation,Swingsation,Swingsation,2027-05-13,2027-05-17,https://rawconnection.com.au/swingsation/,2027,5,2027-05,day,wsdc_calendar,,806f183da786d88a1b7652c3
Med in Swing,Med in Swing,Med in Swing,2027-05-14,,http://www.medinswing.rocks,2027,5,2027-05,day_start_only,wsdc_calendar,invalid_end,42a1cb63d5cfb5dbe43b3ad3
SOM-Swing of Music,SOM-Swing of Music,SOM - Swing of Music,2027-05-14,2027-05-17,https://www.swingofmusic.com/,2027,5,2027-05,day,wsdc_calendar,,285f974da18393fa79363f92
Gateway Swing Classic,Gateway Swing Classic,Gateway Swing Classic,2027-05-20,2027-05-23,http://gatewayswing.com,2027,5,2027-05,day,wsdc_calendar,,207bdba1fc6a2efeb08174f8
Spring Time Swing,Spring Time Swing,Spring Time Swing,2027-05-20,2027-05-24,https://springtimeswing.com/,2027,5,2027-05,day,wsdc_calendar,,6a2fa76491a42cb1136df4e9
Nanaimo Dance Fusion,Nanaimo Dance Fusion,Nanaimo Dance Fusion,2027-05-21,2027-05-23,http://www.nanaimodancefusion.ca,2027,5,2027-05,day,wsdc_calendar,,0386fcb6ca19dc85b5bc1691
USA Grand National Dance Championships,USA Grand National Dance Championships,USA Grand Nationals,2027-05-27,2027-05-31,http://www.usagrandnationals.com,2027,5,2027-05,day,wsdc_calendar,,5bf826dc40b0b2ef68b8a310
Festival City Swing,Festival City Swing,Festival City Swing,2027-06-03,2027-06-07,https://www.fcswing.co.uk/,2027,6,2027-06,day,wsdc_calendar,,0c55437ea3471cb9627e5409
Michigan Classic,Michigan Classic,Michigan Dance Classic,2027-06-03,2027-06-06,http://MichiganClassicSwing.com,2027,6,2027-06,day,wsdc_calendar,,7b8c80b13cc2108ada2f6047
Baltic Swing,Baltic Swing,Baltic Swing,2027-06-10,2027-06-14,http://www.balticswing.com,2027,6,2027-06,day,wsdc_calendar,,b9be90ccd8a8b928f10eb9dd
D-TOWNSWING,D-TOWNSWING 2027,D-Town Swing,2027-06-10,2027-06-13,http://www.d-townswing.com,2027,6,2027-06,day,wsdc_calendar,,f3e67b27f73d8a0298f1ae4c
SWINGAPALOOZA,SWINGAPALOOZA,Swingapalooza,2027-06-17,2027-06-20,http://www.swingapaloozaevent.com,2027,6,2027-06,day,wsdc_calendar,,a6b17d5e6d7a7a85e19b7b47
BaroqueSwing,BaroqueSwing,Barock Swing Ludwigsburg,2027-06-24,2027-06-27,https://baroqueswing.com,2027,6,2027-06,day,wsdc_calendar,,6e70e89c639d4ec09dcff0ee
Liberty Swing Dance Championships,Liberty Swing Dance Championships,Liberty Swing Dance Championships,2027-06-24,2027-06-28,http://www.libertyswing.com,2027,6,2027-06,day,wsdc_calendar,,e4dd0927482e13fa58dcb587
NeverlandSwing Dutch Swing Championships,NeverlandSwing Dutch Swing Championships 2027,Neverland Swing,2027-06-24,2027-06-28,http://www.neverlandswing.com,2027,6,2027-06,day,wsdc_calendar,,e40360124b6b4c268e2ca3f2
French Connection WCS,French Connection WCS,FRENCH CONNECTION WCS,2027-06-25,2027-06-28,http://frenchconnectionwcs.com,2027,6,2027-06,day,wsdc_calendar,,89d0ad662f7c634e7b0e1184
Americano Dance Camp,Americano Dance Camp,Americano Dance Camp,2027-07-01,,https://t.me/americamodancecamp / https://vk.ru/americano2026,2027,7,2027-07,day_start_only,wsdc_calendar,invalid_end,db5a7c60e225a9ed069e3465
SaunaSwing,SaunaSwing,SaunaSwing,2027-07-01,,http://www.ekarolas.com/saunaswing,2027,7,2027-07,day_start_only,wsdc_calendar,invalid_end,575b5b32c1dcc74214992092
Swing Valley,Swing Valley,Swing Valley,2027-07-01,2027-07-04,http://swing-valley.com,2027,7,2027-07,day,wsdc_calendar,,1f06a91c88431dcc10688671
Carolina Summer Swing,Carolina Summer Swing,Carolina Summer Swing,2027-07-08,2027-07-11,https://carolinasummerswing.com,2027,7,2027-07,day,wsdc_calendar,,f8eacdcd9ba7b9ecdb78b844
Midwest Westie Fest,Midwest Westie Fest,Midwest Westie Fest,2027-07-15,2027-07-18,http://www.midwestwestiefest.com,2027,7,2027-07,day,wsdc_calendar,,f96eb07ff9da4d802b4a4c70
Revitalise WCS,Revitalise WCS,Revitalise WCS,2027-07-15,2027-07-18,https://revitalisewcs.melbourne/,2027,7,2027-07,day,wsdc_calendar,,50944902a4ccc6154f80a5a1
Florida Dance Magic,Florida Dance Magic,Florida Dance Magic,2027-07-22,2027-07-25,https://floridadancemagic.com,2027,7,2027-07,day,wsdc_calendar,,b18c3d43e05f3b8b02ac0cfa
St. Petersburg WCS Nights,St. Petersburg WCS Nights,St. Petersburg WCS Nights,2027-07-22,2027-07-25,http://wcsnights.ru,2027,7,2027-07,day,wsdc_calendar,,3898eb5b6894d9b354ba6164
Lisbon Westie Fest,Lisbon Westie Fest,Lisbon Westie Fest,2027-07-30,2027-08-01,https://lisbonwestiefest.com/,2027,8,2027-08|2027-07,day,wsdc_calendar,,ef5a59ebf837315c45c3b46f
Swingtacular: The Galactic Open,Swingtacular: The Galactic Open,Swingtacular: The Galactic Open,2027-08-05,2027-08-08,http://www.Swingtacular.art,2027,8,2027-08,day,wsdc_calendar,,f1d0c5cafe205706ae173038
Arizona Dance Classic,Arizona Dance Classic,Arizona Dance Classic,2027-08-06,2027-08-08,https://arizonadanceclassic.com/,2027,8,2027-08,day,wsdc_calendar,,35cfc9dda4da8643050b8489
Atlanta Swing Classic,Atlanta Swing Classic,Atlanta Swing Classic,2027-10-07,2027-10-10,https://www.atlantaswingclassic.com/,2027,10,2027-10,day,wsdc_calendar,,2ce85c3ac33355f90225e4be
WCS Festival,WCS Festival,WCS Festival,2027-10-15,2027-10-17,http://www.wcsfestival.com,2027,10,2027-10,day,wsdc_calendar,,aeff0eaade1babe15052fa48
Euro Dance Festival,Euro Dance Festival,Euro Dance Festival,2028-02-29,2028-03-05,https://www.euro-dance-festival.com,2028,3,2028-03|2028-02,day,wsdc_calendar,,0e485aa8568c6408b8ff891a
Atlanta Swing Classic,Atlanta Swing Classic,Atlanta Swing Classic,2028-09-28,2028-10-01,https://www.atlantaswingclassic.com/,2028,10,2028-10|2028-09,day,wsdc_calendar,,39821f515c1dde6fd7bbe6f9
Euro Dance Festival,Euro Dance Festival,Euro Dance Festival,2029-02-13,2029-02-18,https://www.euro-dance-festival.com,2029,2,2029-02,day,wsdc_calendar,,c5c1020337282bf31a238972
Euro Dance Festival,Euro Dance Festival,Euro Dance Festival,2030-03-05,2030-03-10,https://www.euro-dance-festival.com,2030,3,2030-03,day,wsdc_calendar,,161380bf9ca0e135dc8e8143
