event_id,canonical_name,url,registry_status,typical_city,typical_state,typical_country,typical_location,first_edition_year,last_edition_year,edition_count,total_result_rows,unique_dancers,upcoming_start_date,upcoming_location,updated_at
1,4TH of July Convention,http://phoenix4thofjuly.com,,Phoenix,Arizona,United States,"Phoenix, AZ",1991,2026,34,3169,1556,,,2026-08-05 20:51:08.899837+00
2,4TH of July Swing Bash,,,Fort Lauderdale,Florida,United States,"Fort Lauderdale, FL",1997,1997,1,4,4,,,2026-08-05 20:51:08.899837+00
197,5280 Westival,https://www.5280westival.com,,Denver,Colorado,United States,"Denver, CO",2013,2026,13,1022,636,,,2026-08-05 20:51:08.899837+00
318,All Star SwingJam,http://www.allstarswingjam.com,,San Francisco,California,United States,"San Francisco, CA",2022,2026,4,330,239,,,2026-08-05 20:51:08.899837+00
3,American Lindy Hop Championships,,,Stamford,Connecticut,United States,"Stamford, CT",2000,2003,3,101,91,,,2026-08-05 20:51:08.899837+00
94,American Open,,,Detroit,Michigan,United States,"Detroit, MI",2004,2004,1,10,10,,,2026-08-05 20:51:08.899837+00
4,American Swing Dance Championships,,,New York,New York,United States,"New York, NY",1994,1998,5,104,86,,,2026-08-05 20:51:08.899837+00
278,Americano Dance Camp,https://t.me/americamodancecamp https://vk.com/americano2025,,Samara,,Russia,"Samara, Russia",2017,2026,9,568,292,,,2026-08-05 20:51:08.899837+00
67,Americas Classic,,,Houston,Texas,United States,"Houston, TX",1995,2014,19,1150,638,,,2026-08-05 20:51:08.899837+00
276,Anchor Festival,,,Hamburg,,Germany,"Hamburg, Germany",2017,2019,3,225,192,,,2026-08-05 20:51:08.899837+00
243,Anti Valentines,,,Tuscaloosa,Alabama,United States,"Tuscaloosa, AL",2015,2015,1,39,39,,,2026-08-05 20:51:08.899837+00
77,Arizona Dance Classic,,,Phoenix,Arizona,United States,"Phoenix, AZ",2002,2025,19,699,430,,,2026-08-05 20:51:08.899837+00
344,Arousa Westie Fest,http://arousawestiefest.com,,Sanxenxo,,Spain,"Sanxenxo, Spain",2025,2026,2,192,128,,,2026-08-05 20:51:08.899837+00
406,Asia WCS Open - 10th Anniversary,,inactive,,,,,,,0,0,0,,,2026-08-05 20:51:08.899837+00
407,Asia WCS Open XI,,inactive,,,,,,,0,0,0,,,2026-08-05 20:51:08.899837+00
408,Asia WCS Open XIII,,inactive,,,,,,,0,0,0,,,2026-08-05 20:51:08.899837+00
218,Asia West Coast Swing Open,https://www.asiawcsopen.com/,,Singapore,,Singapore,"Singapore, Singapore",2013,2026,11,881,528,,,2026-08-05 20:51:08.899837+00
409,Asian WCS Open Swingvitation,,inactive,,,,,,,0,0,0,,,2026-08-05 20:51:08.899837+00
211,Atlanta Swing Classic,https://www.atlantaswingclassic.com,,Atlanta,Georgia,United States,"Atlanta, GA, United States",2013,2025,12,1530,976,,,2026-08-05 20:51:08.899837+00
350,Augsburg Westie Station,https://www.augsburgwestiestation.com/home,,Augsburg,,Germany,"Augsburg, Germany",2024,2025,2,190,158,,,2026-08-05 20:51:08.899837+00
300,Austin Rocks,http://www.atxrox.com,,Austin,Texas,United States,"Austin, TX",2018,2025,4,413,330,,,2026-08-05 20:51:08.899837+00
200,Austin Swing Dance Championships,http://www.austinswing.com/,,Austin,Texas,United States,"Austin, TX",2013,2026,11,1134,664,,,2026-08-05 20:51:08.899837+00
410,Austin Swing Dance Championships (ASDC),,inactive,,,,,,,0,0,0,,,2026-08-05 20:51:08.899837+00
274,Australasian WCS & Zouk Champs,,,Queensland,,Australia,"Queensland, Australia",2017,2017,1,50,50,,,2026-08-05 20:51:08.899837+00
180,Australian Open Swing Dance Championships,,,Melbourne,,Australia,"Melbourne, Australia",2011,2015,5,243,155,,,2026-08-05 20:51:08.899837+00
173,Austrian Open,,,Vienna,,Austria,"Vienna, Austria",2011,2011,1,30,30,,,2026-08-05 20:51:08.899837+00
247,Austrian WCS Spectacle,,,Vienna,,Austria,"Vienna, Austria",2015,2017,3,129,110,,,2026-08-05 20:51:08.899837+00
269,Autumn Swing Challenge,http://www.asc-budapest.com,,Budapest,,Hungary,"Budapest, Hungary",2016,2025,8,699,428,,,2026-08-05 20:51:08.899837+00
309,Avignon City Swing,http://Www.avignoncityswing.com,,Nimes,,France,"Nimes, France",2020,2026,5,471,303,,,2026-08-05 20:51:08.899837+00
5,Bakersfield Swing Bash,,,Bakersfield,California,United States,"Bakersfield, CA",1998,1998,1,40,38,,,2026-08-05 20:51:08.899837+00
222,Baltic Swing,http://www.balticswing.com,,Gdańsk,,Poland,"Gdańsk, Poland",2014,2026,11,1115,744,,,2026-08-05 20:51:08.899837+00
374,Barock Swing Ludwigsburg,https://baroqueswing.com/,,Ludwigsburg,,Germany,"Ludwigsburg, Germany",2025,2026,2,190,147,,,2026-08-05 20:51:08.899837+00
233,Bavarian Open,https://bavarianopen.com/,,Munich,,Germany,"Munich, Germany",2014,2025,10,1030,694,,,2026-08-05 20:51:08.899837+00
6,Bay Swingers,,,San Francisco,California,United States,"San Francisco, CA",1992,1995,4,29,23,,,2026-08-05 20:51:08.899837+00
347,BeeMAD,https://beemadwcs.com,,Madrid,,Spain,"Madrid, Spain",2025,2026,2,163,127,,,2026-08-05 20:51:08.899837+00
271,Berlin Swing Revolution,https://berlinswingrevolution.com,,Berlin,,Germany,"Berlin, Germany",2016,2025,8,523,380,,,2026-08-05 20:51:08.899837+00
167,Best of the Best WCS,https://www.bestofthebestwcs.com/,,Sydney,,Australia,"Sydney, Australia",2011,2025,13,690,342,,,2026-08-05 20:51:08.899837+00
156,Big Apple Dance Festival,http://bigapplecountrydance.com/,,Morristown,New Jersey,United States,"Morristown, NJ",2009,2026,16,499,350,,,2026-08-05 20:51:08.899837+00
411,Big Apple Dance Festival/World Hustle Championships,,inactive,,,,,,,0,0,0,,,2026-08-05 20:51:08.899837+00
7,Boogie & Blues,,,Long Beach,California,United States,"Long Beach, CA",1995,2003,9,454,291,,,2026-08-05 20:51:08.899837+00
8,Boogie By The Bay,https://boogiebythebay.com,,San Francisco,California,United States,"San Francisco, CA",1993,2025,31,3311,1640,,,2026-08-05 20:51:08.899837+00
146,Boston Dance Challenge,,,Boston,Massachusetts,United States,"Boston, MA",2008,2012,4,182,144,,,2026-08-05 20:51:08.899837+00
122,Boston Dance Revolution,,,Boston,Massachusetts,United States,"Boston, MA",2006,2008,3,81,67,,,2026-08-05 20:51:08.899837+00
9,Boston Tea Party,http://teapartyswings.com,,Boston,Massachusetts,United States,"Boston, MA",1997,2026,26,2393,1406,,,2026-08-05 20:51:08.899837+00
110,Brandin' Iron Dance Festival,,,San Bernardino,California,United States,"San Bernardino, CA",2005,2007,3,83,63,,,2026-08-05 20:51:08.899837+00
10,Bridgetown Swing Boogie,,,Vancouver,Washington,United States,"Vancouver, WA",2001,2023,21,1672,878,,,2026-08-05 20:51:08.899837+00
339,Bristol Swing Fiesta,https://www.bristolcityswing.com/bsf,,Bristol,,United Kingdom,"Bristol, United Kingdom",2024,2025,2,171,129,,,2026-08-05 20:51:08.899837+00
114,British Columbia Dance Challenge,,,Richmond,,Canada,"Richmond, Canada",2006,2007,2,83,64,,,2026-08-05 20:51:08.899837+00
324,BTO Open,https://ctodance.ca/,,Calgary,,Canada,"Calgary, Canada",2023,2025,3,230,162,,,2026-08-05 20:51:08.899837+00
184,BudaFest Open WCS Championships,http://wcs-budafest.com/,,Budapest,,Hungary,"Budapest, Hungary",2012,2026,14,1779,1151,,,2026-08-05 20:51:08.899837+00
412,C.A.S.H. Bash,,inactive,,,,,,,0,0,0,,,2026-08-05 20:51:08.899837+00
116,Calgary Dance Stampede,http://www.calgarydancestampede.com,,Calgary,,Canada,"Calgary, Canada",2006,2026,8,258,177,,,2026-08-05 20:51:08.899837+00
11,California State Championships,,,Buena Park,California,United States,"Buena Park, CA",1997,1999,3,134,107,,,2026-08-05 20:51:08.899837+00
105,Canadian Swing Championships,http://www.canadianswingchampionships.com,,Montreal,,Canada,"Montreal, Canada",2005,2026,18,638,399,,,2026-08-05 20:51:08.899837+00
413,Canadian Swing Championships (CSC),,inactive,,,,,,,0,0,0,,,2026-08-05 20:51:08.899837+00
12,Capital Swing Dance Convention,http://www.capitalswingconvention.com,,Sacramento,California,United States,"Sacramento, CA",1993,2026,32,3782,1857,,,2026-08-05 20:51:08.899837+00
414,Capital Swing Dancers' President's Day,,inactive,,,,,,,0,0,0,,,2026-08-05 20:51:08.899837+00
415,Capital Swing Presidents' Day Convention,,inactive,,,,,,,0,0,0,,,2026-08-05 20:51:08.899837+00
150,Carolina Groove,,,North Myrtle Beach,South Carolina,United States,"North Myrtle Beach, SC",2008,2008,1,35,34,,,2026-08-05 20:51:08.899837+00
373,Carolina Summer Swing,https://carolinasummerswing.com/,,Charlotte,North Carolina,United States,"Charlotte, NC",2025,2026,2,244,182,,,2026-08-05 20:51:08.899837+00
87,CASH Bash,http://Cashdanceclub.org,,Cleveland,Ohio,United States,"Cleveland, OH",2003,2025,21,1217,623,,,2026-08-05 20:51:08.899837+00
93,Champion's Weekend (MD),,,College Park,Maryland,United States,"College Park, MD",2004,2007,4,55,39,,,2026-08-05 20:51:08.899837+00
123,Champions Weekend (MA),,,Natick,Massachusetts,United States,"Natick, MA",2006,2007,2,68,57,,,2026-08-05 20:51:08.899837+00
273,Charlotte Westie Fest,https://charlottewestiefest.com/,,Charlotte,North Carolina,United States,"Charlotte, NC",2017,2026,9,1280,781,,,2026-08-05 20:51:08.899837+00
416,Charlotte WestieFest,,inactive,,,,,,,0,0,0,,,2026-08-05 20:51:08.899837+00
13,Chicago Classic,,,Chicago,Illinois,United States,"Chicago, IL",1997,2012,4,342,298,,,2026-08-05 20:51:08.899837+00
90,Chicago Dance Challenge,,,Chicago,Illinois,United States,"Chicago, IL",2003,2003,1,43,38,,,2026-08-05 20:51:08.899837+00
417,Chicagoland,,inactive,,,,,,,0,0,0,,,2026-08-05 20:51:08.899837+00
418,Chicagoland Country & Swing Dance Festival,,inactive,,,,,,,0,0,0,,,2026-08-05 20:51:08.899837+00
119,Chicagoland Country and Swing Dance Festival,http://www.chicagolanddancefestival.com,,Chicago,Illinois,United States,"Chicago, IL",2004,2025,21,1139,663,,,2026-08-05 20:51:08.899837+00
126,Chico Dance Sensation,,,Chico,California,United States,"Chico, CA",2006,2012,7,558,364,,,2026-08-05 20:51:08.899837+00
284,Citadel Swing,,,Timisoara,,Romania,"Timisoara, Romania",2017,2019,3,242,204,,,2026-08-05 20:51:08.899837+00
419,City of Angels Swing Event,,inactive,,,,,,,0,0,0,,,2026-08-05 20:51:08.899837+00
187,City of Angels WCS,http://cityofangelswcs.com,,Burbank,California,United States,"Burbank, CA",2012,2026,13,1628,940,,,2026-08-05 20:51:08.899837+00
109,Colorado Country Classic,https://coloradocountryclassic.net/,,Denver,Colorado,United States,"Denver, CO",2005,2026,18,850,466,,,2026-08-05 20:51:08.899837+00
145,Come Rain Come Shine,,,Portland,Oregon,United States,"Portland, OR",2008,2010,3,134,112,,,2026-08-05 20:51:08.899837+00
334,Countdown Swing Boston,http://www.countdownswingboston.com,,Boston,Massachusetts,United States,"Boston, MA",1995,2026,23,1848,1059,,,2026-08-05 20:51:08.899837+00
14,Country Boogie,,,Buena Park,California,United States,"Buena Park, CA",1994,1999,6,233,178,,,2026-08-05 20:51:08.899837+00
420,Country Dance World Championships,,inactive,,,,,,,0,0,0,,,2026-08-05 20:51:08.899837+00
220,D-Town Swing,http://www.d-townswing.com/,,Düsseldorf,,Germany,"Düsseldorf, Germany",2014,2026,11,1186,753,,,2026-08-05 20:51:08.899837+00
115,Da Dance Camp,,,Chicago,Illinois,United States,"Chicago, IL",2006,2010,4,120,106,,,2026-08-05 20:51:08.899837+00
15,Dallas D.A.N.C.E.,,,Dallas,Texas,United States,"Dallas, TX",1992,2018,27,1338,651,,,2026-08-05 20:51:08.899837+00
113,Dallas Dance Festival,,,Dallas,Texas,United States,"Dallas, TX",2005,2006,2,49,46,,,2026-08-05 20:51:08.899837+00
102,Dance America Seattle,,,Seattle,Washington,United States,"Seattle, WA",2005,2005,1,30,30,,,2026-08-05 20:51:08.899837+00
169,Dance Camp Chicago,,,Elmhurst,Illinois,United States,"Elmhurst, IL",2011,2019,9,530,339,,,2026-08-05 20:51:08.899837+00
372,Dance Jam Jack & Jill Weekend,https://dancejamproductions.com/westieweekend/,,Silver Spring,Maryland,United States,"Silver Spring, MD, United States",2025,2026,2,167,137,,,2026-08-05 20:51:08.899837+00
148,Dance Mardi Gras,http://www.dancemardigras.com,,New Orleans,Louisiana,United States,"New Orleans, LA",2008,2025,14,769,497,,,2026-08-05 20:51:08.899837+00
207,Dance N Play,https://dancenplay.com/,,Bend,Oregon,United States,"Bend, OR",2013,2025,9,532,348,,,2026-08-05 20:51:08.899837+00
16,Dancers Fund/Moover & Groover/SwingExpo,,,Las Vegas,Nevada,United States,"Las Vegas, NV",1992,2001,2,79,67,,,2026-08-05 20:51:08.899837+00
421,DC Swing eXperience  (DCSX),,inactive,,,,,,,0,0,0,,,2026-08-05 20:51:08.899837+00
181,DC Swing eXperience (DCSX),http://www.dcswingexperience.com,,Herndon,Virginia,United States,"Herndon, VA, United States",2011,2025,13,1674,1010,,,2026-08-05 20:51:08.899837+00
242,Derby City Swing,https://derbycityswing.com/,,Louisville,Kentucky,United States,"Louisville, KY",2015,2026,10,911,556,,,2026-08-05 20:51:08.899837+00
135,Desert City Swing,http://www.desertcityswing.com,,Phoenix,Arizona,United States,"Phoenix, AZ",2007,2025,18,2034,1045,,,2026-08-05 20:51:08.899837+00
422,Desert City Swing Dance Championships,,inactive,,,,,,,0,0,0,,,2026-08-05 20:51:08.899837+00
17,Desert Swing Dance Club,,,Palm Springs,California,United States,"Palm Springs, CA",1996,1996,1,6,6,,,2026-08-05 20:51:08.899837+00
203,Detonation Dance,http://www.DetonationDance.com,,Manchester,,United Kingdom,"Manchester, United Kingdom",2013,2026,12,801,497,,,2026-08-05 20:51:08.899837+00
163,DFW Pro Am Jam,,,Dallas,Texas,United States,"Dallas, TX",2010,2014,5,252,194,,,2026-08-05 20:51:08.899837+00
423,DOWCS,,inactive,,,,,,,0,0,0,,,2026-08-05 20:51:08.899837+00
424,Dutch open West Coast swing,,inactive,,,,,,,0,0,0,,,2026-08-05 20:51:08.899837+00
275,Dutch Open West Coast Swing,http://www.dutchopenwcs.com/,,Venray,,Netherlands,"Venray, Netherlands",2017,2026,7,451,292,,,2026-08-05 20:51:08.899837+00
18,Easter Swing,https://easterswing.org/,,Seattle,Washington,United States,"Seattle, WA, United States",1994,2026,30,3016,1547,,,2026-08-05 20:51:08.899837+00
19,Eastern/Washington Dance Challenge,,,Washington,District of Columbia,United States,"Washington, DC",2000,2010,10,471,330,,,2026-08-05 20:51:08.899837+00
348,Euro Dance Festival,https://www.euro-dance-festival.com/,,Rust,,Germany,"Rust, Germany",2025,2026,2,237,184,,,2026-08-05 20:51:08.899837+00
294,European Swing Challenge,https://www.jiveaddiction.com/,,Windsor,,United Kingdom,"Windsor, United Kingdom",2018,2019,2,79,69,,,2026-08-05 20:51:08.899837+00
296,Fall Fall in Swing,https://www.wcskorea.com/ffs,,Seoul,,Republic of Korea,"Seoul, Republic of Korea",2018,2018,1,37,37,,,2026-08-05 20:51:08.899837+00
371,Festival City Swing,https://festivalcityswing.co.uk/,,Newcastle,,United Kingdom,"Newcastle, United Kingdom",2025,2026,2,127,83,,,2026-08-05 20:51:08.899837+00
254,Finnfest,http://www.finnfest.fi,,Helsinki,,Finland,"Helsinki, Finland",2015,2025,9,725,451,,,2026-08-05 20:51:08.899837+00
425,Floor Play Swing Vacation,,inactive,,,,,,,0,0,0,,,2026-08-05 20:51:08.899837+00
426,FloorPlay New Years Swing Vacation,,inactive,,,,,,,0,0,0,,,2026-08-05 20:51:08.899837+00
42,Floorplay Swing Vacation,http://www.floorplayswingvacation.com,,Orlando,Florida,United States,"Orlando, FL",2001,2026,20,1508,810,,,2026-08-05 20:51:08.899837+00
149,Florida Dance Magic,https://floridadancemagic.com/,,Fort Lauderdale,Florida,United States,"Fort Lauderdale, FL",2008,2026,16,1042,611,,,2026-08-05 20:51:08.899837+00
427,Florida Dance Magic (Unconfirmed),,inactive,,,,,,,0,0,0,,,2026-08-05 20:51:08.899837+00
287,Florida Westie Fest,,,Tampa,Florida,United States,"Tampa, FL",2017,2018,2,114,89,,,2026-08-05 20:51:08.899837+00
365,Flowstate | West Coast Swing & Zouk Festival,https://eastonswing.com/west-coast-swing-events/world-swing-dance-council/flowstate-west-coast-swing-zouk-festival-eastonswing/,,London,,United Kingdom,"London, United Kingdom",2025,2025,1,58,55,,,2026-08-05 20:51:08.899837+00
183,Freedom Swing Dance Challenge,https://freedomswingdance.com/,,Wilmington,Delaware,United States,"Wilmington, DE, United States",2012,2026,14,1263,709,,,2026-08-05 20:51:08.899837+00
369,FRENCH CONNECTION WCS,http://FRENCHCONNECTIONWCS.COM,,Annecy,,France,"Annecy, France",2025,2026,2,231,181,,,2026-08-05 20:51:08.899837+00
175,French Open West Coast Swing,http://www.fowcs.com,,Paris,,France,"Paris, France",2011,2026,14,1697,903,,,2026-08-05 20:51:08.899837+00
20,FreZno Dance Classic,,,Fresno,California,United States,"Fresno, CA",1994,2019,26,2074,959,,,2026-08-05 20:51:08.899837+00
226,Ft. Lauderdale Swing & Shag Beach Bash,,,Fort Lauderdale,Florida,United States,"Fort Lauderdale, FL",2014,2018,5,213,129,,,2026-08-05 20:51:08.899837+00
428,Gateway Swing Classic,,inactive,,,,,,,0,0,0,,,2026-08-05 20:51:08.899837+00
282,German Open,http://www.go-wcs.com,,Freiburg,,Germany,"Freiburg, Germany",2017,2025,7,801,527,,,2026-08-05 20:51:08.899837+00
429,German Open Championships,,inactive,,,,,,,0,0,0,,,2026-08-05 20:51:08.899837+00
430,German Open WCS Championships,,inactive,,,,,,,0,0,0,,,2026-08-05 20:51:08.899837+00
431,German Open West Coast Swing,,inactive,,,,,,,0,0,0,,,2026-08-05 20:51:08.899837+00
432,Global Grand Prix - West Coast Swing,,inactive,,,,,,,0,0,0,,,2026-08-05 20:51:08.899837+00
433,Global Grand Prix - West Coast Swing Championships,,inactive,,,,,,,0,0,0,,,2026-08-05 20:51:08.899837+00
342,Global Grand Prix - West Coast Swing Reunion,http://www.globalgrandprixwcs.com,,Toulouse,,France,"Toulouse, France",2023,2025,3,363,260,,,2026-08-05 20:51:08.899837+00
367,Go West SwingFest,https://www.gowestdancefest.com/go-west-swingfest,,Perth,,Australia,"Perth, Australia",2024,2025,2,66,45,,,2026-08-05 20:51:08.899837+00
306,Go West SwingFest,http://www.gowestswingfest.com,,Fremantle,,Australia,"Fremantle, Australia",2019,2019,1,32,31,,,2026-08-05 20:51:08.899837+00
21,Golden State Classic,,,Buena Park,California,United States,"Buena Park, CA",1996,1998,3,110,87,,,2026-08-05 20:51:08.899837+00
384,Grand Party Sofia (GPS),https://wcs-gps.com/,,Sofia,,Bulgaria,"Sofia, Bulgaria",2025,2025,1,77,69,,,2026-08-05 20:51:08.899837+00
97,Grand Prix of Swing,,,Kansas City,Missouri,United States,"Kansas City, MO",2004,2011,8,407,252,,,2026-08-05 20:51:08.899837+00
136,Halloween In Harrisburg & Swingzing,,,Carlisle,Pennsylvania,United States,"Carlisle, PA",2007,2009,2,16,16,,,2026-08-05 20:51:08.899837+00
65,Halloween SwingThing,http://Hstswing.com,,Costa Mesa,California,United States,"Costa Mesa, CA",1994,2025,30,2359,1270,,,2026-08-05 20:51:08.899837+00
140,Hawaii Dance Sensation,,,Honolulu,Hawaii,United States,"Honolulu, HI",2007,2007,1,20,20,,,2026-08-05 20:51:08.899837+00
143,High Desert Dance Classic,http://www.highdesertdanceclassic.com,,Lancaster,California,United States,"Lancaster, CA",2008,2026,15,999,506,,,2026-08-05 20:51:08.899837+00
245,Holy Land Open,,,Eilat,,Israel,"Eilat, Israel",2015,2016,2,99,84,,,2026-08-05 20:51:08.899837+00
345,HONEY FEST,https://honeyfest-ufa.ru/,,Ufa,,Russia,"Ufa, Russia",2024,2026,3,255,159,,,2026-08-05 20:51:08.899837+00
206,Hungarian Open,http://wcs-ho.com/,,Budapest,,Hungary,"Budapest, Hungary",2013,2026,11,895,566,,,2026-08-05 20:51:08.899837+00
23,HustleMania,,,Fresno,California,United States,"Fresno, CA",1999,1999,1,38,38,,,2026-08-05 20:51:08.899837+00
255,Indy Dance Explosion,http://www.indydancex.com,,Fort Wayne,Indiana,United States,"Fort Wayne, IN",2015,2025,8,350,229,,,2026-08-05 20:51:08.899837+00
85,Indy Swing Classic,,,Indianapolis,Indiana,United States,"Indianapolis, IN",2003,2006,4,173,125,,,2026-08-05 20:51:08.899837+00
404,Infinite Swing,http://infinite-swing.com,,Munich,,Germany,"Munich, Germany",2026,2026,1,93,76,,,2026-08-05 20:51:08.899837+00
160,Inland Valley Dance Festival,,,San Bernardino,California,United States,"San Bernardino, CA",2008,2009,2,76,53,,,2026-08-05 20:51:08.899837+00
172,International Hustle & Salsa Congress,,,Orlando,Florida,United States,"Orlando, FL",2011,2014,4,144,97,,,2026-08-05 20:51:08.899837+00
257,Italian Open,,,Milan,,Italy,"Milan, Italy",2015,2017,3,294,254,,,2026-08-05 20:51:08.899837+00
24,J&J National Championships,,,Las Vegas,Nevada,United States,"Las Vegas, NV",1996,1996,1,39,37,,,2026-08-05 20:51:08.899837+00
25,J&J O'Rama,https://jackandjillorama.com/,,Anaheim,California,United States,"Anaheim, CA",1995,2026,29,2841,1459,,,2026-08-05 20:51:08.899837+00
434,Jack & Jill O'Rama,,inactive,,,,,,,0,0,0,,,2026-08-05 20:51:08.899837+00
26,Jitterbug Jam,,,Thousand Oaks,California,United States,"Thousand Oaks, CA",1999,1999,1,12,12,,,2026-08-05 20:51:08.899837+00
283,Kazan EL Fest,,,Kazan,,Russia,"Kazan, Russia",2017,2023,5,206,166,,,2026-08-05 20:51:08.899837+00
88,KC Swing Challenge and Heartland Dance Festival,,,Kansas City,Missouri,United States,"Kansas City, MO",2003,2003,1,54,51,,,2026-08-05 20:51:08.899837+00
292,King Swing,https://kingswing.pl/,,Kraków,,Poland,"Kraków, Poland",2018,2026,7,771,553,,,2026-08-05 20:51:08.899837+00
219,KIWI Fest,,,Kiev,,Ukraine,"Kiev, Ukraine",2014,2019,6,377,288,,,2026-08-05 20:51:08.899837+00
268,Korea Westival,http://koreawestival.com,,Jeju,,Republic of Korea,"Jeju, Republic of Korea",2016,2025,7,394,198,,,2026-08-05 20:51:08.899837+00
435,Korean Open Swing Dance Championships,,inactive,,,,,,,0,0,0,,,2026-08-05 20:51:08.899837+00
210,Korean Open WCS Championships,https://www.kopenwcs.com/,,Incheon,,Republic of Korea,"Incheon, Republic of Korea",2013,2026,5,499,349,,,2026-08-05 20:51:08.899837+00
436,Korean Open WCS Championsips,,inactive,,,,,,,0,0,0,,,2026-08-05 20:51:08.899837+00
27,Labor Day Swing Dance Festival,,,Buena Park,California,United States,"Buena Park, CA",1994,1997,4,141,109,,,2026-08-05 20:51:08.899837+00
28,Las Vegas Swing Expo,,,Las Vegas,Nevada,United States,"Las Vegas, NV",1992,2004,10,211,136,,,2026-08-05 20:51:08.899837+00
96,Liberty Swing Dance Championships,http://www.libertyswing.com,,New Brunswick,New Jersey,United States,"New Brunswick, NJ",2004,2026,21,2481,1546,,,2026-08-05 20:51:08.899837+00
382,Lisbon Westie Fest,http://www.lisbonwestiefest.com,,Lisbon,,Portugal,"Lisbon, Portugal",2025,2026,2,212,165,,,2026-08-05 20:51:08.899837+00
166,London SwingVitational,,,Windsor,,United Kingdom,"Windsor, United Kingdom",2010,2019,8,394,277,,,2026-08-05 20:51:08.899837+00
120,Lone Star Invitational,,,Austin,Texas,United States,"Austin, TX",2006,2025,19,824,522,,,2026-08-05 20:51:08.899837+00
104,Los Angeles Premiere Dance Classic,,,Los Angeles,California,United States,"Los Angeles, CA",2005,2011,7,470,297,,,2026-08-05 20:51:08.899837+00
92,MADjam,http://www.atlanticdancejam.com,,Washington,District of Columbia,United States,"Washington, DC, United States",2004,2026,21,3011,1751,,,2026-08-05 20:51:08.899837+00
111,MadMAC,,,Madison,Wisconsin,United States,"Madison, WI",2005,2006,2,102,84,,,2026-08-05 20:51:08.899837+00
379,Med in Swing,http://www.medinswing.rocks,,La Londe-les-Maures,,France,"La Londe-les-Maures, France",2025,2026,2,250,185,,,2026-08-05 20:51:08.899837+00
375,Mediterranean Open WCS,https://mediterraneanopenwcs.com/,,Barcelona,,Spain,"Barcelona, Spain",2025,2026,2,258,198,,,2026-08-05 20:51:08.899837+00
131,Meet Me In St Louis,http://Www.mmisl.com,,St. Louis,Missouri,United States,"St. Louis, MO",2007,2025,17,1527,901,,,2026-08-05 20:51:08.899837+00
437,Meet Me in St Louis Swing Dance Championships,,inactive,,,,,,,0,0,0,,,2026-08-05 20:51:08.899837+00
438,Meet Me in St. Louis Swing Dance Championships,,inactive,,,,,,,0,0,0,,,2026-08-05 20:51:08.899837+00
76,Michigan Dance Classic,http://www.michiganclassicswing.com/,,Detroit,Michigan,United States,"Detroit, MI",2002,2026,18,1467,939,,,2026-08-05 20:51:08.899837+00
29,Michigan Swing Dance Champs,,,Michigan,Michigan,United States,"Michigan, MI",1992,2003,11,163,117,,,2026-08-05 20:51:08.899837+00
30,Mid USA Jack & Jill,,,Michigan,Michigan,United States,"Michigan, MI",2002,2003,2,38,32,,,2026-08-05 20:51:08.899837+00
78,Mid-American Dance Championships,,,Chicago,Illinois,United States,"Chicago, IL",2002,2004,3,163,117,,,2026-08-05 20:51:08.899837+00
201,MidAtlantic Dance Classic,,,Herndon,Virginia,United States,"Herndon, VA",2013,2016,4,163,122,,,2026-08-05 20:51:08.899837+00
165,Midland Swing Open,http://www.MidlandSwingOpen.com,,London,,United Kingdom,"London, United Kingdom",2010,2025,15,1092,651,,,2026-08-05 20:51:08.899837+00
288,Midnight Madness,http://www.MidnightMadnessWCS.com,,Dallas,Texas,United States,"Dallas, TX",2017,2025,8,712,448,,,2026-08-05 20:51:08.899837+00
224,Midwest Westie Fest,http://Www.midwestwestiefest.com,,Overland Park,Kansas,United States,"Overland Park, KS",2014,2026,9,863,549,,,2026-08-05 20:51:08.899837+00
322,Milan Modern Swing,https://www.westcoastswingmilan.com/,,Milan,,Italy,"Milan, Italy",2019,2025,5,589,427,,,2026-08-05 20:51:08.899837+00
405,Milan Swing Vibes,,,Milan,,Italy,"Milan, Italy",2026,2026,1,92,80,,,2026-08-05 20:51:08.899837+00
89,Monster Mash,,,Spokane,Washington,United States,"Spokane, WA",2003,2005,3,158,105,,,2026-08-05 20:51:08.899837+00
62,Monterey SwingFest,http://www.montereyswing.com,,Monterey,California,United States,"Monterey, CA",1994,2026,32,2691,1280,,,2026-08-05 20:51:08.899837+00
439,Monterey Swingfest (Cancelled due to Covid-19),,inactive,,,,,,,0,0,0,,,2026-08-05 20:51:08.899837+00
440,Montreal WCS Fest,,merged,,,,,,,0,0,0,,,2026-08-05 20:51:08.899837+00
178,Montreal Westie Fest,http://www.montrealwestiefest.com,,Montreal,,Canada,"Montreal, Canada",2011,2025,11,823,531,,,2026-08-05 20:51:08.899837+00
361,Mooseland Swing,https://mooselandswing.com/,,Östersund,,Sweden,"Östersund, Sweden",2025,2025,1,71,66,,,2026-08-05 20:51:08.899837+00
194,Moscow Westie Fest,https://westiefest.org/en/,,Moscow,,Russia,"Moscow, Russia",2012,2025,13,965,494,,,2026-08-05 20:51:08.899837+00
241,Moscow Xmas Dance Camp,,,Moscow,,Russia,"Moscow, Russia",2015,2017,3,129,106,,,2026-08-05 20:51:08.899837+00
82,Motor City Jam,,,Michigan,Michigan,United States,"Michigan, MI",2003,2007,5,59,46,,,2026-08-05 20:51:08.899837+00
107,Motown Dance Championships,,,Detroit,Michigan,United States,"Detroit, MI",2005,2007,3,136,103,,,2026-08-05 20:51:08.899837+00
31,Mountain Magic,http://mountainmagic.dance,,South Lake Tahoe (near Reno),Nevada,United States,"South Lake Tahoe (near Reno), NV",1999,2025,25,1517,677,,,2026-08-05 20:51:08.899837+00
441,Mountain Magic Dance Convention,,inactive,,,,,,,0,0,0,,,2026-08-05 20:51:08.899837+00
291,Municorn Swing,,,Munich,,Germany,"Munich, Germany",2018,2020,3,142,125,,,2026-08-05 20:51:08.899837+00
138,Music City Swing Dance Championships,,,Nashville,Tennessee,United States,"Nashville, TN",2007,2008,2,64,61,,,2026-08-05 20:51:08.899837+00
362,MY Swing,https://www.myswingopen.com/,,Kuala Lumpur,,Malaysia,"Kuala Lumpur, Malaysia",2025,2026,2,189,159,,,2026-08-05 20:51:08.899837+00
364,Nanaimo Dance Fusion,http://www.nanaimodancefusion.ca,,Nanaimo,,Canada,"Nanaimo, Canada",2025,2026,2,120,86,,,2026-08-05 20:51:08.899837+00
81,Nashville Swing & Shag Dance Classic,,,Nashville,Tennessee,United States,"Nashville, TN",2002,2006,5,382,274,,,2026-08-05 20:51:08.899837+00
32,National Jitterbug Championships,,,Long Beach,California,United States,"Long Beach, CA",2001,2007,5,166,116,,,2026-08-05 20:51:08.899837+00
33,National New Year,,,Dallas,Texas,United States,"Dallas, TX",1994,1995,2,21,19,,,2026-08-05 20:51:08.899837+00
261,Neverland Swing,http://www.neverlandswing.com,,Amsterdam,,Netherlands,"Amsterdam, Netherlands",2016,2026,9,623,412,,,2026-08-05 20:51:08.899837+00
442,NeverlandSwing,,inactive,,,,,,,0,0,0,,,2026-08-05 20:51:08.899837+00
157,New England Dance Festival,http://www.nedancefestival.com,,Boston,Massachusetts,United States,"Boston, MA",2009,2025,15,698,423,,,2026-08-05 20:51:08.899837+00
34,New England Swing Dance Championships,,,Boston,Massachusetts,United States,"Boston, MA",1998,2001,2,120,93,,,2026-08-05 20:51:08.899837+00
35,New England Swing Jam 1,,,Boston,Massachusetts,United States,"Boston, MA",1995,1996,2,54,34,,,2026-08-05 20:51:08.899837+00
100,New Mexico Dance Fiesta,,,Albuquerque,New Mexico,United States,"Albuquerque, NM",2004,2014,8,160,131,,,2026-08-05 20:51:08.899837+00
443,New Orleans Dance Mardi Gras,,merged,,,,,,,0,0,0,,,2026-08-05 20:51:08.899837+00
444,New Year's Dance Camp,,merged,,,,,,,0,0,0,,,2026-08-05 20:51:08.899837+00
38,New Year's Dance Championships,,,Fresno,California,United States,"Fresno, CA",1999,2000,2,114,96,,,2026-08-05 20:51:08.899837+00
445,New Year's Dance Extravaganza,,merged,,,,,,,0,0,0,,,2026-08-05 20:51:08.899837+00
139,New Year's Dancin' Eve,,,Burlington,Massachusetts,United States,"Burlington, MA",2007,2011,4,307,231,,,2026-08-05 20:51:08.899837+00
214,New Year's Swing Fling,http://www.nyswingfling.com,,London,,United Kingdom,"London, United Kingdom",2014,2020,7,627,455,,,2026-08-05 20:51:08.899837+00
36,New Years Dance Camp,,,Bakersfield,California,United States,"Bakersfield, CA",1997,2000,4,178,137,,,2026-08-05 20:51:08.899837+00
101,New Years Swing & Salsa Ball,,,Palm Springs,California,United States,"Palm Springs, CA",2004,2004,1,10,10,,,2026-08-05 20:51:08.899837+00
378,New York Flow Festival,https://www.flowfest.nyc,,New York,New York,United States,"New York, NY",2026,2026,1,78,78,,,2026-08-05 20:51:08.899837+00
179,New Zealand Open Swing Dance Championships,https://www.streetswing.co.nz/the-new-zealand-open,,Auckland,,New Zealand,"Auckland, New Zealand",2011,2025,14,514,287,,,2026-08-05 20:51:08.899837+00
368,Next Level Swing,http://www.next-level.dance,,Phoenix,Arizona,United States,"Phoenix, AZ",2025,2025,1,74,66,,,2026-08-05 20:51:08.899837+00
253,Nordic WCS Championships,http://www.nordicwcschamps.com,,Stockholm,,Sweden,"Stockholm, Sweden",2015,2026,10,1066,703,,,2026-08-05 20:51:08.899837+00
40,North Atlantic Swing Dance Championships,,,Cape Cod,Massachusetts,United States,"Cape Cod, MA",1998,2004,7,404,287,,,2026-08-05 20:51:08.899837+00
376,Northeast Swing Classic,http://www.northeastswingclassic.com/,,Providence,Rhode Island,United States,"Providence, RI, United States",2025,2025,1,110,93,,,2026-08-05 20:51:08.899837+00
41,Northwest Regional,,,Spokane,Washington,United States,"Spokane, WA",2000,2002,2,91,80,,,2026-08-05 20:51:08.899837+00
232,Norway Westie Fest,,,Trondheim,,Norway,"Trondheim, Norway",2014,2019,6,296,203,,,2026-08-05 20:51:08.899837+00
388,Norwegian Open WCS,https://norwegianopen.no/,,Hamar,,Norway,"Hamar, Norway",2025,2025,1,81,75,,,2026-08-05 20:51:08.899837+00
153,Novice Invitational,http://www.htownthrowdownwcs.com,,Houston,Texas,United States,"Houston, TX",2009,2026,16,1161,684,,,2026-08-05 20:51:08.899837+00
188,NSW West Coast Swing Dance Championships,,,Sydney,,Australia,"Sydney, Australia",2012,2019,8,347,193,,,2026-08-05 20:51:08.899837+00
303,Odyssey West Coast Swing,http://www.odysseywcs.dance,,Gold Coast,,Australia,"Gold Coast, Australia",2018,2024,4,172,104,,,2026-08-05 20:51:08.899837+00
285,Old Town Swing,,,Tallinn,,Estonia,"Tallinn, Estonia",2017,2018,2,115,99,,,2026-08-05 20:51:08.899837+00
117,Orange Blossom Dance Festival,http://www.orangeblossomdance.net,,Orlando,Florida,United States,"Orlando, FL",2006,2026,20,912,522,,,2026-08-05 20:51:08.899837+00
98,Pacific Rim Dance Classic,,,Seattle,Washington,United States,"Seattle, WA",2004,2004,1,28,28,,,2026-08-05 20:51:08.899837+00
195,Palm Springs New Years Swing Dance Classic,,,Palm Springs,California,United States,"Palm Springs, CA",2001,2020,19,1753,994,,,2026-08-05 20:51:08.899837+00
446,Palm Springs Summer Dance Camp Classic,,inactive,,,,,,,0,0,0,,,2026-08-05 20:51:08.899837+00
51,Palm Springs Summer Dance Classic,,,Palm Springs,California,United States,"Palm Springs, CA",1998,2019,20,1735,982,,,2026-08-05 20:51:08.899837+00
447,Paradise Country & Swing Dance Festival,,inactive,,,,,,,0,0,0,,,2026-08-05 20:51:08.899837+00
448,Paradise Country and Swing Dance Festival,,inactive,,,,,,,0,0,0,,,2026-08-05 20:51:08.899837+00
449,Paradise Country Dance Festival,,inactive,,,,,,,0,0,0,,,2026-08-05 20:51:08.899837+00
43,Paradise Dance Festival,http://www.ParadiseCountryDanceFestival.com,,Irvine,California,United States,"Irvine, CA",1995,2025,23,1208,639,,,2026-08-05 20:51:08.899837+00
272,Paris Westie Fest,http://pariswestiefest.com/?lang=en,,Paris,,France,"Paris, France",2017,2026,8,880,619,,,2026-08-05 20:51:08.899837+00
234,Philly Swing Classic,http://www.phillyswing.com,,Wilmington,Delaware,United States,"Wilmington, DE, United States",2014,2025,10,764,458,,,2026-08-05 20:51:08.899837+00
450,Philly Swing Dance Classic,,inactive,,,,,,,0,0,0,,,2026-08-05 20:51:08.899837+00
106,Phoenix Dance Festival,,,Phoenix,Arizona,United States,"Phoenix, AZ",2005,2006,2,55,43,,,2026-08-05 20:51:08.899837+00
44,Portland Dance Festival,,,Portland,Oregon,United States,"Portland, OR",1997,2019,16,752,421,,,2026-08-05 20:51:08.899837+00
386,Prague Alchemy Swing,https://praguealchemyswing.cz/,,Prague,,Czech Republic,"Prague, Czech Republic",2026,2026,1,118,105,,,2026-08-05 20:51:08.899837+00
124,ProviDANCE Swing in the City,,,Providence,Rhode Island,United States,"Providence, RI",2006,2006,1,39,39,,,2026-08-05 20:51:08.899837+00
91,Reno Dance Sensation,,,Reno,Nevada,United States,"Reno, NV",2004,2011,8,765,475,,,2026-08-05 20:51:08.899837+00
359,Retaliation Swing,https://www.retaliationswing.com,,Seattle,Washington,United States,"Seattle, WA",2025,2025,1,92,90,,,2026-08-05 20:51:08.899837+00
385,Revitalise WCS,https://withjoy.com/revitalisewcs-melbourne2025/welcome,,Melbourne,,Australia,"Melbourne, Australia",2025,2026,2,128,106,,,2026-08-05 20:51:08.899837+00
263,Riga Summer Swing,,,Riga,,Latvia,"Riga, Latvia",2016,2024,5,423,356,,,2026-08-05 20:51:08.899837+00
45,Rising Star - Chicago,,,Chicago,Illinois,United States,"Chicago, IL",1997,2000,3,154,130,,,2026-08-05 20:51:08.899837+00
46,Rising Star - Dallas,,,Dallas,Texas,United States,"Dallas, TX",1996,1996,1,31,31,,,2026-08-05 20:51:08.899837+00
130,River City Dance Festival,,,Edmonton,,Canada,"Edmonton, Canada",2006,2010,5,48,35,,,2026-08-05 20:51:08.899837+00
177,River City Swing,http://www.floridadanceevents.com,,Jacksonville,Florida,United States,"Jacksonville, FL",2011,2025,12,1044,615,,,2026-08-05 20:51:08.899837+00
256,Rock the Barn,http://rockthebarn.se,,Umeå,,Sweden,"Umeå, Sweden",2015,2026,10,623,391,,,2026-08-05 20:51:08.899837+00
266,Rocky Mountain 5 Dance,,,Denver,Colorado,United States,"Denver, CO",2016,2018,2,88,70,,,2026-08-05 20:51:08.899837+00
451,Rocky Mountain Five Dance (RM5),,inactive,,,,,,,0,0,0,,,2026-08-05 20:51:08.899837+00
313,Rolling Swing,http://www.frenchywesty.com/,,Lyon,,France,"Lyon, France",2019,2025,6,637,391,,,2026-08-05 20:51:08.899837+00
244,Rose City Swing,https://rosecityswing.com,,Portland,Oregon,United States,"Portland, OR",2015,2026,11,1337,804,,,2026-08-05 20:51:08.899837+00
452,Russian Open WCS Championship,,inactive,,,,,,,0,0,0,,,2026-08-05 20:51:08.899837+00
170,Russian Open WCS Championships,,,Moscow,,Russia,"Moscow, Russia",2011,2021,10,559,302,,,2026-08-05 20:51:08.899837+00
281,Sacramento All Swing,,,Sacramento,California,United States,"Sacramento, CA",2017,2017,1,79,77,,,2026-08-05 20:51:08.899837+00
280,Saint Petersburg WCS Nights,http://wcsnights.ru,,St. Petersburg,,Russia,"St. Petersburg, Russia",2017,2026,9,712,379,,,2026-08-05 20:51:08.899837+00
217,San Diego Dance Festival,,,San Diego,California,United States,"San Diego, CA",2014,2024,7,353,218,,,2026-08-05 20:51:08.899837+00
199,San Francisco Dance Sensation,,,Oakland,California,United States,"Oakland, CA",2013,2013,1,88,88,,,2026-08-05 20:51:08.899837+00
377,Santa Swing,https://www.santaswing.pl/,,Kraków,,Poland,"Kraków, Poland",2025,2025,1,99,96,,,2026-08-05 20:51:08.899837+00
260,Sao Paulo Swing Dance Championships,,,Sao Paulo,,Brazil,"Sao Paulo, Brazil",2016,2016,1,39,39,,,2026-08-05 20:51:08.899837+00
380,SASS Spooky Albany Swing Spectacular,http://www.spookyalbanyswing.com/,,Albany,New York,United States,"Albany, NY, United States",2025,2025,1,67,58,,,2026-08-05 20:51:08.899837+00
360,SaunaSwing,https://ekarolas.com/saunaswing/,,Ikaalinen,,Finland,"Ikaalinen, Finland",2025,2026,2,186,126,,,2026-08-05 20:51:08.899837+00
229,Scandinavian Open,http://www.snowcs.se/,,Stockholm,,Sweden,"Stockholm, Sweden",2014,2025,10,993,704,,,2026-08-05 20:51:08.899837+00
277,Scotland Swing Classic,http://www.scottishswingclassic.com/,,Glasgow,,United Kingdom,"Glasgow, United Kingdom",2017,2019,3,140,104,,,2026-08-05 20:51:08.899837+00
168,Scottish WCS Dance Championships,,,Bathgate,,United Kingdom,"Bathgate, United Kingdom",2011,2014,4,141,117,,,2026-08-05 20:51:08.899837+00
338,Sea Dance Fest,https://vk.com/seadancefest,,Moscow,,Russia,"Moscow, Russia",2024,2025,2,117,96,,,2026-08-05 20:51:08.899837+00
453,Sea Sun & Swing Camp,,inactive,,,,,,,0,0,0,,,2026-08-05 20:51:08.899837+00
164,Sea Sun and Swing,https://www.seasunswing.fr/,,La Grande Motte,,France,"La Grande Motte, France",2010,2026,11,858,556,,,2026-08-05 20:51:08.899837+00
79,Sea to Sky,http://Seatoskywcs.com,,Seattle,Washington,United States,"Seattle, WA",2002,2024,17,1367,791,,,2026-08-05 20:51:08.899837+00
454,Sea To Sky - Seattle,,inactive,,,,,,,0,0,0,,,2026-08-05 20:51:08.899837+00
455,Sea to Sky Seattle,,inactive,,,,,,,0,0,0,,,2026-08-05 20:51:08.899837+00
456,Sea to Sky Seattle WCS,,inactive,,,,,,,0,0,0,,,2026-08-05 20:51:08.899837+00
298,Shakedown Swing,http://www.code03swing.com/shakedown,,Perth,,Australia,"Perth, Australia",2018,2025,5,184,115,,,2026-08-05 20:51:08.899837+00
290,Shooba Dooba Swing,https://danceconvention.net/eventdirector/ru/eventpage/6023470-shooba-dooba-swing-2020/info,,Moscow,,Russia,"Moscow, Russia",2018,2025,9,578,296,,,2026-08-05 20:51:08.899837+00
221,Show Me Showdown,http://gatewayswing.com,,St. Louis,Missouri,United States,"St. Louis, MO",2014,2026,9,494,338,,,2026-08-05 20:51:08.899837+00
457,Show-Me Showdown,,inactive,,,,,,,0,0,0,,,2026-08-05 20:51:08.899837+00
330,Simply Adelaide West Coast Swing,http://www.simplyadelaidewcs.com.au,,Adelaide,,Australia,"Adelaide, Australia",2020,2025,6,294,172,,,2026-08-05 20:51:08.899837+00
209,SinCity Swing,,,Las Vegas,Nevada,United States,"Las Vegas, NV",2013,2015,3,255,205,,,2026-08-05 20:51:08.899837+00
223,Slingshot Swing,,,Oslo,,Norway,"Oslo, Norway",2014,2016,2,94,86,,,2026-08-05 20:51:08.899837+00
352,Slovenian Open,https://slovenianopen.dance/,,Ljubljana,,Slovenia,"Ljubljana, Slovenia",2025,2026,2,232,181,,,2026-08-05 20:51:08.899837+00
336,SOM - Swing of Music,https://www.swingofmusic.com/,,Wels,,Austria,"Wels, Austria",2025,2026,2,179,143,,,2026-08-05 20:51:08.899837+00
205,SOswing,http://soswingdance.com,,Ashland,Oregon,United States,"Ashland, OR",2013,2026,11,1014,621,,,2026-08-05 20:51:08.899837+00
458,South Bay CW Dance Festival,,inactive,,,,,,,0,0,0,,,2026-08-05 20:51:08.899837+00
48,South Bay Dance Fling,http://www.SBDF.dance,,San Jose,California,United States,"San Jose, CA",1997,2025,24,1454,692,,,2026-08-05 20:51:08.899837+00
394,Southern Lights Swing,http://www.southernlightsswing.com.au,,Hobart,,Australia,"Hobart, Australia",2026,2026,1,68,60,,,2026-08-05 20:51:08.899837+00
340,Spooky Westie Weekend,https://spookywestieweekend.com/,,Singapore,,Singapore,"Singapore, Singapore",2024,2025,2,97,81,,,2026-08-05 20:51:08.899837+00
141,Spotlight New Year's Celebration,http://www.spotlightnewyears.com,,Nashville,Tennessee,United States,"Nashville, TN",2007,2026,15,1491,974,,,2026-08-05 20:51:08.899837+00
49,Spring Fling,,,San Diego,California,United States,"San Diego, CA",1991,1998,8,302,205,,,2026-08-05 20:51:08.899837+00
83,Spring Swing,,,Detroit,Michigan,United States,"Detroit, MI",2003,2003,1,34,34,,,2026-08-05 20:51:08.899837+00
204,Spring Swing,,,Stockholm,,Sweden,"Stockholm, Sweden",2013,2014,2,99,84,,,2026-08-05 20:51:08.899837+00
354,Spring Time Swing,https://springtimeswing.com/,,Freiburg,,Germany,"Freiburg, Germany",2025,2026,2,264,211,,,2026-08-05 20:51:08.899837+00
50,St. Patrick's Day Swing,,,Woodland Hills,California,United States,"Woodland Hills, CA",2002,2003,2,161,136,,,2026-08-05 20:51:08.899837+00
459,St. Petersburg WCS Nights,,inactive,,,,,,,0,0,0,,,2026-08-05 20:51:08.899837+00
52,Summer Dance Festival,,,Palm Springs,California,United States,"Palm Springs, CA",1994,2003,10,482,338,,,2026-08-05 20:51:08.899837+00
53,Summer Hummer,https://summerhummerboston.com/,,Boston,Massachusetts,United States,"Boston, MA",1997,2025,25,2587,1477,,,2026-08-05 20:51:08.899837+00
228,Summer Swing Classic,,,St. Petersburg,Florida,United States,"St. Petersburg, FL",2014,2015,2,132,108,,,2026-08-05 20:51:08.899837+00
54,Summer Swing Jam,,,Atlanta,Georgia,United States,"Atlanta, GA, United States",2001,2002,2,54,43,,,2026-08-05 20:51:08.899837+00
55,Sundance Labor Day Swing Dance Festival,,,Long Beach,California,United States,"Long Beach, CA",1998,1998,1,62,62,,,2026-08-05 20:51:08.899837+00
230,Sunny Side Dance Camp,,,Torrevieja,,Spain,"Torrevieja, Spain",2014,2016,3,116,101,,,2026-08-05 20:51:08.899837+00
191,Sunny Side Dance Camp,,,Crimea,,Ukraine,"Crimea, Ukraine",2012,2013,2,84,69,,,2026-08-05 20:51:08.899837+00
151,Sunshine State Dance Challenge,,,Fort Lauderdale,Florida,United States,"Fort Lauderdale, FL",2008,2011,4,87,73,,,2026-08-05 20:51:08.899837+00
264,Swedish Swing Summer Camp,http://www.uptownswing.se/,,Stockholm,,Sweden,"Stockholm, Sweden",2016,2025,8,706,453,,,2026-08-05 20:51:08.899837+00
185,Sweetheart Swing Classic,,,Tampa,Florida,United States,"Tampa, FL",2012,2018,7,481,300,,,2026-08-05 20:51:08.899837+00
215,Swing & Snow,http://swingandsnow.ru,,St. Petersburg,,Russia,"St. Petersburg, Russia",2014,2026,13,1127,585,,,2026-08-05 20:51:08.899837+00
56,Swing Break,,,Santa Clara,California,United States,"Santa Clara, CA",1999,2000,2,148,123,,,2026-08-05 20:51:08.899837+00
57,Swing Challenge,,,Kansas City,Missouri,United States,"Kansas City, MO",1996,1998,3,46,40,,,2026-08-05 20:51:08.899837+00
125,Swing City Chicago,https://swingcitychicago.com,,Chicago,Illinois,United States,"Chicago, IL",2006,2025,18,1787,1033,,,2026-08-05 20:51:08.899837+00
343,Swing Crush,https://swingcrush.com,,San Antonio,Texas,United States,"San Antonio, TX",2025,2026,2,191,160,,,2026-08-05 20:51:08.899837+00
134,Swing Dance America,,,Lake Geneva,Illinois,United States,"Lake Geneva, IL",2007,2024,16,1218,710,,,2026-08-05 20:51:08.899837+00
460,Swing Dance America (SDA),,inactive,,,,,,,0,0,0,,,2026-08-05 20:51:08.899837+00
391,Swing Dance Mania,http://swingdancemania.com,,Cincinnati,Ohio,United States,"Cincinnati, OH",2025,2025,1,80,70,,,2026-08-05 20:51:08.899837+00
246,Swing Escape,,,Hunter Valley,,Australia,"Hunter Valley, Australia",2015,2019,5,215,127,,,2026-08-05 20:51:08.899837+00
58,Swing Expo,,,Las Vegas,Nevada,United States,"Las Vegas, NV",1993,2003,11,400,211,,,2026-08-05 20:51:08.899837+00
331,Swing Fiction,https://swingfiction.cz/,,Brno,,Czech Republic,"Brno, Czech Republic",2023,2026,4,359,291,,,2026-08-05 20:51:08.899837+00
59,Swing Fling,http://www.swingfling.com,,Herndon,Virginia,United States,"Herndon, VA, United States",1994,2025,30,2624,1461,,,2026-08-05 20:51:08.899837+00
192,Swing Generation,,,Lyon,,France,"Lyon, France",2012,2013,2,137,116,,,2026-08-05 20:51:08.899837+00
393,Swing in Bloom,http://www.swinginbloom.ca,,Ottawa,,Canada,"Ottawa, Canada",2026,2026,1,94,81,,,2026-08-05 20:51:08.899837+00
304,Swing In Capital,https://www.westcoastswingroma.it/swing-in-capital/,,Rome,,Italy,"Rome, Italy",2019,2026,2,169,154,,,2026-08-05 20:51:08.899837+00
262,Swing It Like It's Hot,,,Tel Aviv,,Israel,"Tel Aviv, Israel",2016,2018,3,163,129,,,2026-08-05 20:51:08.899837+00
60,Swing Jam,,,Alhambra,California,United States,"Alhambra, CA",1993,1997,5,67,50,,,2026-08-05 20:51:08.899837+00
95,Swing Niagara Dance Championships,,,Buffalo,New York,United States,"Buffalo, NY",2004,2012,9,556,380,,,2026-08-05 20:51:08.899837+00
461,Swing Over Orlando,,inactive,,,,,,,0,0,0,,,2026-08-05 20:51:08.899837+00
301,Swing Resolution,http://www.swingresolution.com,,Edinburgh,,United Kingdom,"Edinburgh, United Kingdom",2019,2026,6,484,318,,,2026-08-05 20:51:08.899837+00
462,Swing Trilogy,,inactive,,,,,,,0,0,0,,,2026-08-05 20:51:08.899837+00
162,Swingapalooza,http://www.swingapaloozaevent.com,,Baton Rouge,Louisiana,United States,"Baton Rouge, LA",2010,2026,15,1247,675,,,2026-08-05 20:51:08.899837+00
196,SwingCouver,https://swingco.dance/,,Portland,Oregon,United States,"Portland, OR",2013,2026,12,1273,750,,,2026-08-05 20:51:08.899837+00
463,SwingCouver 2020 - The 10th Episode,,inactive,,,,,,,0,0,0,,,2026-08-05 20:51:08.899837+00
61,SwingDiego,,,San Diego,California,United States,"San Diego, CA",2002,2019,18,1890,1040,,,2026-08-05 20:51:08.899837+00
464,SwingDiego (The Superbowl of Swing),,inactive,,,,,,,0,0,0,,,2026-08-05 20:51:08.899837+00
370,SwingIN Festival,http://www.tanzhaus-bonn.de/swingin-festival,,Bonn,,Germany,"Bonn, Germany",2025,2026,2,242,181,,,2026-08-05 20:51:08.899837+00
189,Swingin in the Valley,,,Sydney,,Australia,"Sydney, Australia",2012,2012,1,20,20,,,2026-08-05 20:51:08.899837+00
144,Swingin' Into Spring,http://www.sis.djkenm.com,,Hartford,Connecticut,United States,"Hartford, CT",2008,2026,16,964,560,,,2026-08-05 20:51:08.899837+00
63,Swingin' New England Dance Festival,,,Newton,Massachusetts,United States,"Newton, MA",1999,2018,20,1789,984,,,2026-08-05 20:51:08.899837+00
64,Swinging In The Northland,,,St. Paul,Minnesota,United States,"St. Paul, MN",1997,1999,3,51,44,,,2026-08-05 20:51:08.899837+00
389,SwingLab Berlin,http://www.swinglab-berlin.com,,Berlin,,Germany,"Berlin, Germany",2026,2026,1,118,106,,,2026-08-05 20:51:08.899837+00
259,Swingover,http://www.swingoverevent.com,,Orlando,Florida,United States,"Orlando, FL",2016,2026,9,912,573,,,2026-08-05 20:51:08.899837+00
174,Swingsation,https://rawconnection.com.au/swingsation/,,Gold Coast,,Australia,"Gold Coast, Australia",2011,2026,14,787,408,,,2026-08-05 20:51:08.899837+00
346,Swingside Invitational,http://www.swingside-invitational.com,,Liège,,Belgium,"Liège, Belgium",2024,2025,2,211,173,,,2026-08-05 20:51:08.899837+00
227,Swingtacular: The Galactic Open,http://dancegeekproductions.art,,San Francisco,California,United States,"San Francisco, CA",2014,2025,10,1202,781,,,2026-08-05 20:51:08.899837+00
213,Swingtimate,https://rawconnection.com.au/swingtimate/,,Gold Coast,,Australia,"Gold Coast, Australia",2013,2022,8,352,222,,,2026-08-05 20:51:08.899837+00
465,SwingTime Denver,,inactive,,,,,,,0,0,0,,,2026-08-05 20:51:08.899837+00
47,Swingtime in the Rockies,http://www.swingtimewcs.com,,Denver,Colorado,United States,"Denver, CO",1992,2025,32,2647,1417,,,2026-08-05 20:51:08.899837+00
258,Swingtzerland,https://swingtzerland.com/,,Zürich,,Switzerland,"Zürich, Switzerland",2016,2026,8,556,375,,,2026-08-05 20:51:08.899837+00
333,Swingvasion,https://swingcentral.nz/swingvasion,,Wellington,,New Zealand,"Wellington, New Zealand",2024,2026,3,124,90,,,2026-08-05 20:51:08.899837+00
289,SwingVester,https://www.swingvester.com/,,Brno,,Czech Republic,"Brno, Czech Republic",2018,2026,7,816,564,,,2026-08-05 20:51:08.899837+00
267,Swustlicious,http://www.sparklage.com,,Philadelphia,Pennsylvania,United States,"Philadelphia, PA",2016,2025,8,528,312,,,2026-08-05 20:51:08.899837+00
137,Tampa Bay Classic,http//http://www.tampabayclassic.com,,Tampa,Florida,United States,"Tampa, FL",2007,2025,15,1334,811,,,2026-08-05 20:51:08.899837+00
466,Texas Classic,,inactive,,,,,,,0,0,0,,,2026-08-05 20:51:08.899837+00
467,"The After Party - ""TAP""",,merged,,,,,,,0,0,0,,,2026-08-05 20:51:08.899837+00
468,The After Party - TAP,,inactive,,,,,,,0,0,0,,,2026-08-05 20:51:08.899837+00
469,"The After Party ""TAP""",,inactive,,,,,,,0,0,0,,,2026-08-05 20:51:08.899837+00
470,The After Party “TAP”,,inactive,,,,,,,0,0,0,,,2026-08-05 20:51:08.899837+00
212,The After Party (TAP),http://www.tapwcs.com,,Orange County,California,United States,"Orange County, CA",2013,2025,12,1356,895,,,2026-08-05 20:51:08.899837+00
355,The Aloha Open,http://www.alohaopenwcs.com,,Wailea,Hawaii,United States,"Wailea, HI, United States",2025,2025,1,43,39,,,2026-08-05 20:51:08.899837+00
381,The Australian Classic West Coast Swing Dance Championships (Trial Event),http://www.dancewcsa.com.au,,Sydney,,Australia,"Sydney, Australia",2025,2025,1,50,35,,,2026-08-05 20:51:08.899837+00
356,The Bend Connection,http://thebendconnection.com,,Bend,Oregon,United States,"Bend, OR",2025,2025,1,69,65,,,2026-08-05 20:51:08.899837+00
216,The Brazilian Open,,,Fortaleza,,Brazil,"Fortaleza, Brazil",2014,2019,5,154,93,,,2026-08-05 20:51:08.899837+00
471,The Brazilian Open Championships,,inactive,,,,,,,0,0,0,,,2026-08-05 20:51:08.899837+00
472,The Brazilian Open Championships (Cancelled due to Coronavirus),,inactive,,,,,,,0,0,0,,,2026-08-05 20:51:08.899837+00
239,The Challenge,,,Dallas,Texas,United States,"Dallas, TX",2014,2015,2,215,189,,,2026-08-05 20:51:08.899837+00
142,The Chicago Classic,www.TheChicagoClassic.com,,Chicago,Illinois,United States,"Chicago, IL",2008,2026,14,1869,1137,,,2026-08-05 20:51:08.899837+00
155,The City of Light,,,Paris,,France,"Paris, France",2009,2011,3,80,60,,,2026-08-05 20:51:08.899837+00
473,The German Open WCS Championships,,inactive,,,,,,,0,0,0,,,2026-08-05 20:51:08.899837+00
474,The New Zealand Open,,inactive,,,,,,,0,0,0,,,2026-08-05 20:51:08.899837+00
121,The Texas Classic,http://Www.thetexasclassic.com,,Austin,Texas,United States,"Austin, TX",2006,2026,18,689,446,,,2026-08-05 20:51:08.899837+00
311,TLV SwingFest,http://www.tlv-swingfest.com/,,Tel Aviv,,Israel,"Tel Aviv, Israel",2019,2023,2,132,121,,,2026-08-05 20:51:08.899837+00
171,Toronto International Swing Dance,,,Toronto,,Canada,"Toronto, Canada",2011,2011,1,37,37,,,2026-08-05 20:51:08.899837+00
147,Toronto Open Swing & Hustle Championships,http://www.TOSHC.com,,Toronto,,Canada,"Toronto, Canada",2008,2025,14,867,471,,,2026-08-05 20:51:08.899837+00
475,Toronto Open Swing and Hustle Championships,,inactive,,,,,,,0,0,0,,,2026-08-05 20:51:08.899837+00
231,Trilogy Swing,http://www.trilogywcs.com,,Raleigh,North Carolina,United States,"Raleigh, NC",2014,2025,9,1120,714,,,2026-08-05 20:51:08.899837+00
363,Trinity Swing,http://www.trinityswing.com/,,Dundalk,,Ireland,"Dundalk, Ireland",2025,2026,2,116,93,,,2026-08-05 20:51:08.899837+00
127,Tulsa Fall Fling,,,Tulsa,Oklahoma,United States,"Tulsa, OK",2006,2008,3,60,54,,,2026-08-05 20:51:08.899837+00
132,Tulsa Spring Swing,http://www.TulsaSpringSwing.com,,Tulsa,Oklahoma,United States,"Tulsa, OK",2007,2026,15,970,545,,,2026-08-05 20:51:08.899837+00
80,Twin City Swing Challenge,,,Minneapolis,Minnesota,United States,"Minneapolis, MN",2002,2007,6,273,152,,,2026-08-05 20:51:08.899837+00
75,UCWDC Country Dance World Championship,https://ucwdc.org/worlds-home/,,Dallas,Texas,United States,"Dallas, TX",1995,2026,18,880,609,,,2026-08-05 20:51:08.899837+00
154,UK WCS Championships,http://www.ukwcschamps.com,,London,,United Kingdom,"London, United Kingdom",2009,2026,13,1172,782,,,2026-08-05 20:51:08.899837+00
299,Ukrainian Open,http://www.ua-open.com,,Kiev,,Ukraine,"Kiev, Ukraine",2018,2019,2,103,93,,,2026-08-05 20:51:08.899837+00
265,Upstate Dance Challenge,upstatedancechallenge.com,,Albany,New York,United States,"Albany, NY",2016,2019,4,293,224,,,2026-08-05 20:51:08.899837+00
476,UpTown Swing,,inactive,,,,,,,0,0,0,,,2026-08-05 20:51:08.899837+00
112,US National Dance Championships,,,Washington,District of Columbia,United States,"Washington, DC",2005,2006,2,29,29,,,2026-08-05 20:51:08.899837+00
68,US Open Swing Dance Championships,http://www.theopenswing.com,,Los Angeles,California,United States,"Los Angeles, CA",1992,2025,26,1697,1006,,,2026-08-05 20:51:08.899837+00
22,USA Grand Nationals,http://www.usagrandnationals.com,,Atlanta,Georgia,United States,"Atlanta, GA, United States",1996,2026,28,1895,1189,,,2026-08-05 20:51:08.899837+00
161,USA Jack & Jill Championships,,,Nashville,Tennessee,United States,"Nashville, TN",2010,2011,2,67,59,,,2026-08-05 20:51:08.899837+00
310,Valentine Swing,http://www.valentineswing.dance,,Stockholm,,Sweden,"Stockholm, Sweden",2019,2026,6,405,278,,,2026-08-05 20:51:08.899837+00
69,Valley DanceFest,,,Modesto,California,United States,"Modesto, CA",1999,1999,1,53,48,,,2026-08-05 20:51:08.899837+00
108,Vancouver Vibrations,,,Vancouver,,Canada,"Vancouver, Canada",2005,2006,2,22,20,,,2026-08-05 20:51:08.899837+00
190,Vermont Swing Dance Championships,http://www.vermontwestcoastswing.net,,Burlington,Vermont,United States,"Burlington, VT",2012,2015,4,286,198,,,2026-08-05 20:51:08.899837+00
70,Virginia State Open,,,Herndon,Virginia,United States,"Herndon, VA",1993,2010,17,602,399,,,2026-08-05 20:51:08.899837+00
128,Waltz Across Texas,,,Houston,Texas,United States,"Houston, TX",2006,2006,1,18,18,,,2026-08-05 20:51:08.899837+00
236,Warsaw Halloween Swing,http://www.warsawhalloweenswing.com,,Warsaw,,Poland,"Warsaw, Poland",2012,2025,13,1292,859,,,2026-08-05 20:51:08.899837+00
383,Warsaw Summer Nights Westival,https://www.summernightswestival.com/,,Warsaw,,Poland,"Warsaw, Poland",2025,2026,2,197,170,,,2026-08-05 20:51:08.899837+00
477,Warsaw Swing,,inactive,,,,,,,0,0,0,,,2026-08-05 20:51:08.899837+00
387,Waterloo Ontario Open West Coast Swing Championships,http://www.waterlooopenwcs.com/,,Waterloo,,Canada,"Waterloo, Canada",2026,2026,1,79,72,,,2026-08-05 20:51:08.899837+00
286,WCS Festival,http://www.wcsfestival.com/,,Düsseldorf,,Germany,"Düsseldorf, Germany",2017,2025,7,651,397,,,2026-08-05 20:51:08.899837+00
237,WCS Helsinki,,,Helsinki,,Finland,"Helsinki, Finland",2014,2017,4,142,119,,,2026-08-05 20:51:08.899837+00
357,WCS Party,https://www.wcsparty.com/,,Vienna,,Austria,"Vienna, Austria",2025,2025,1,118,105,,,2026-08-05 20:51:08.899837+00
208,WCS@IDB,,,Rockville,Maryland,United States,"Rockville, MD",2013,2013,1,44,44,,,2026-08-05 20:51:08.899837+00
129,West Coast Dance Challenge,,,Redmond,Washington,United States,"Redmond, WA",2006,2009,3,116,87,,,2026-08-05 20:51:08.899837+00
186,West in Lyon,http://www.west-in-lyon.fr,,Lyon,,France,"Lyon, France",2012,2026,13,1510,782,,,2026-08-05 20:51:08.899837+00
71,Westcoast Swing Dance Championships,,,Sacramento,California,United States,"Sacramento, CA",1997,2000,4,233,175,,,2026-08-05 20:51:08.899837+00
302,WesterOz Swing,http://magneticdance.com.au/westeroz,,Perth,,Australia,"Perth, Australia",2019,2025,4,146,103,,,2026-08-05 20:51:08.899837+00
240,Westie Gala,http://www.westiegala.com/,,Stockholm,,Sweden,"Stockholm, Sweden",2015,2026,9,723,472,,,2026-08-05 20:51:08.899837+00
312,Westie Pink City,http://www.westiepinkcity.fr/,,Toulouse,,France,"Toulouse, France",2018,2025,7,607,370,,,2026-08-05 20:51:08.899837+00
314,Westie Spring Thing,http://www.westiespringthing.com,,Budapest,,Hungary,"Budapest, Hungary",2019,2026,6,646,402,,,2026-08-05 20:51:08.899837+00
270,Westie's Angels,http://www.frenchywesty.com,,Lyon,,France,"Lyon, France",2016,2025,9,859,492,,,2026-08-05 20:51:08.899837+00
323,Westies on the Water,http://rocketcityswing.com/,,Huntsville,Alabama,United States,"Huntsville, Alabama, United States",2021,2025,5,297,204,,,2026-08-05 20:51:08.899837+00
293,Westy Nantes,https://www.westynantes.com/,,Nantes,,France,"Nantes, France",2018,2026,7,762,457,,,2026-08-05 20:51:08.899837+00
225,Wild Wild Westie,http://www.WildWildWestie.com,,Dallas,Texas,United States,"Dallas, TX",2014,2026,12,1693,1053,,,2026-08-05 20:51:08.899837+00
72,Windy City,,,Chicago,Illinois,United States,"Chicago, IL",1994,1995,2,57,53,,,2026-08-05 20:51:08.899837+00
297,Winter Coast Swing,https://www.wintercoastswing.com/,,Kuopio,,Finland,"Kuopio, Finland",2019,2026,6,364,203,,,2026-08-05 20:51:08.899837+00
238,Winter White,http://www.winterwhite.no,,Oslo,,Norway,"Oslo, Norway",2014,2025,10,738,534,,,2026-08-05 20:51:08.899837+00
478,Winter White WCS,,inactive,,,,,,,0,0,0,,,2026-08-05 20:51:08.899837+00
479,Winter White West Coast Swing,,inactive,,,,,,,0,0,0,,,2026-08-05 20:51:08.899837+00
84,Wisconsin Dance Challenge/Midwest Area Swing Dance Challenge,,,Green Bay,Wisconsin,United States,"Green Bay, WI",2003,2012,9,502,308,,,2026-08-05 20:51:08.899837+00
86,World Hustle Dance Championships,,,Secaucus,New Jersey,United States,"Secaucus, NJ",2003,2009,6,124,96,,,2026-08-05 20:51:08.899837+00
73,World Swing Dance Championships,,,San Bernardino,California,United States,"San Bernardino, CA",1993,2011,10,432,293,,,2026-08-05 20:51:08.899837+00
159,World Swing Masters,,,Blackpool,,United Kingdom,"Blackpool, United Kingdom",2009,2015,7,244,168,,,2026-08-05 20:51:08.899837+00
152,Worlds UCWDC,,,Orlando,Florida,United States,"Orlando, FL",2009,2015,3,117,106,,,2026-08-05 20:51:08.899837+00
103,Xanadu - Midwinter Dance Celebration,,,Portland,Oregon,United States,"Portland, OR",2005,2005,1,36,36,,,2026-08-05 20:51:08.899837+00
